dir,wav,model,mode,prompt_id,utmos,wer,sim
linux-cloning,chatterbox_cpu_p1.wav,chatterbox,cloning,1,4.2981,0.0000,0.5183
linux-cloning,chatterbox_cpu_p2.wav,chatterbox,cloning,2,4.1919,0.0000,0.7406
linux-cloning,chatterbox_cpu_p3.wav,chatterbox,cloning,3,4.4051,0.1818,0.6550
linux-cloning,chatterbox_cpu_p4.wav,chatterbox,cloning,4,4.3269,0.0556,0.5857
linux-cloning,chatterbox_cuda_p1.wav,chatterbox,cloning,1,4.2958,0.0000,0.5662
linux-cloning,chatterbox_cuda_p2.wav,chatterbox,cloning,2,4.3566,0.0000,0.5511
linux-cloning,chatterbox_cuda_p3.wav,chatterbox,cloning,3,4.4050,0.1515,0.6333
linux-cloning,chatterbox_cuda_p4.wav,chatterbox,cloning,4,4.3043,0.1111,0.6166
linux-cloning,chatterbox_turbo_cpu_p1.wav,chatterbox_turbo,cloning,1,3.7224,0.1429,0.6790
linux-cloning,chatterbox_turbo_cpu_p2.wav,chatterbox_turbo,cloning,2,4.0739,0.0000,0.7509
linux-cloning,chatterbox_turbo_cpu_p3.wav,chatterbox_turbo,cloning,3,4.3062,0.2424,0.7786
linux-cloning,chatterbox_turbo_cpu_p4.wav,chatterbox_turbo,cloning,4,3.9492,0.2778,0.7412
linux-cloning,chatterbox_turbo_cuda_p1.wav,chatterbox_turbo,cloning,1,3.8850,0.0000,0.6011
linux-cloning,chatterbox_turbo_cuda_p2.wav,chatterbox_turbo,cloning,2,4.2083,0.0000,0.7949
linux-cloning,chatterbox_turbo_cuda_p3.wav,chatterbox_turbo,cloning,3,4.4225,0.2121,0.6438
linux-cloning,chatterbox_turbo_cuda_p4.wav,chatterbox_turbo,cloning,4,4.2122,0.1111,0.7845
linux-cloning,coqui_cpu_p1.wav,coqui,cloning,1,4.0205,0.0000,0.3717
linux-cloning,coqui_cpu_p2.wav,coqui,cloning,2,4.2705,0.0000,0.4188
linux-cloning,coqui_cpu_p3.wav,coqui,cloning,3,4.0899,0.1818,0.4901
linux-cloning,coqui_cpu_p4.wav,coqui,cloning,4,3.8758,0.1667,0.5163
linux-cloning,coqui_cpu_p5.wav,coqui,cloning,5,3.3296,0.0000,0.3417
linux-cloning,coqui_cuda_p1.wav,coqui,cloning,1,3.6221,0.1429,0.4800
linux-cloning,coqui_cuda_p2.wav,coqui,cloning,2,3.9213,0.0000,0.4752
linux-cloning,coqui_cuda_p3.wav,coqui,cloning,3,4.3538,0.2121,0.5080
linux-cloning,coqui_cuda_p4.wav,coqui,cloning,4,3.8110,0.2222,0.4805
linux-cloning,coqui_cuda_p5.wav,coqui,cloning,5,3.4004,0.0000,0.2980
linux-cloning,dia_cuda_p1.wav,dia,cloning,1,2.6837,0.8571,0.1729
linux-cloning,dia_cuda_p2.wav,dia,cloning,2,3.6916,0.0526,0.3445
linux-cloning,dia_cuda_p3.wav,dia,cloning,3,3.4015,1.0000,0.1904
linux-cloning,dia_cuda_p4.wav,dia,cloning,4,3.3601,0.0000,0.1460
linux-cloning,dots_tts_cuda_p1.wav,dots_tts,cloning,1,3.9092,0.0000,0.6960
linux-cloning,dots_tts_cuda_p2.wav,dots_tts,cloning,2,3.8916,0.0000,0.8482
linux-cloning,dots_tts_cuda_p3.wav,dots_tts,cloning,3,4.3813,0.0606,0.8825
linux-cloning,dots_tts_cuda_p4.wav,dots_tts,cloning,4,3.7343,0.2778,0.8647
linux-cloning,dots_tts_cuda_p5.wav,dots_tts,cloning,5,3.0132,0.8667,0.2976
linux-cloning,dramabox_cuda_p1.wav,dramabox,cloning,1,3.6676,0.0000,0.7449
linux-cloning,dramabox_cuda_p2.wav,dramabox,cloning,2,4.0522,0.0000,0.8030
linux-cloning,dramabox_cuda_p3.wav,dramabox,cloning,3,3.9189,0.1212,0.7530
linux-cloning,dramabox_cuda_p4.wav,dramabox,cloning,4,3.9560,0.1667,0.8120
linux-cloning,echo_cuda_p1.wav,echo,cloning,1,4.0375,0.0000,0.7537
linux-cloning,echo_cuda_p2.wav,echo,cloning,2,4.3128,0.0000,0.8587
linux-cloning,echo_cuda_p3.wav,echo,cloning,3,4.3427,0.2424,0.8907
linux-cloning,echo_cuda_p4.wav,echo,cloning,4,4.1547,0.0556,0.8499
linux-cloning,f5tts_cpu_p1.wav,f5tts,cloning,1,3.9177,0.0000,0.6211
linux-cloning,f5tts_cpu_p2.wav,f5tts,cloning,2,4.0953,0.1053,0.7885
linux-cloning,f5tts_cpu_p3.wav,f5tts,cloning,3,4.2770,0.2121,0.8085
linux-cloning,f5tts_cpu_p4.wav,f5tts,cloning,4,4.1267,0.1667,0.7853
linux-cloning,f5tts_cuda_p1.wav,f5tts,cloning,1,3.8637,0.1429,0.7309
linux-cloning,f5tts_cuda_p2.wav,f5tts,cloning,2,3.9886,0.1053,0.7914
linux-cloning,f5tts_cuda_p3.wav,f5tts,cloning,3,4.2175,0.3636,0.8410
linux-cloning,f5tts_cuda_p4.wav,f5tts,cloning,4,4.1966,0.2222,0.7674
linux-cloning,fish_15_cpu_p1.wav,fish_15,cloning,1,3.2521,0.0000,0.5590
linux-cloning,fish_15_cpu_p2.wav,fish_15,cloning,2,3.8486,0.0000,0.6698
linux-cloning,fish_15_cpu_p3.wav,fish_15,cloning,3,3.7142,0.3030,0.7090
linux-cloning,fish_15_cpu_p4.wav,fish_15,cloning,4,3.9759,0.1111,0.6768
linux-cloning,fish_15_cpu_p5.wav,fish_15,cloning,5,2.8662,0.0000,0.3136
linux-cloning,fish_15_cuda_p1.wav,fish_15,cloning,1,3.7850,0.0000,0.5460
linux-cloning,fish_15_cuda_p2.wav,fish_15,cloning,2,4.1559,0.0526,0.6330
linux-cloning,fish_15_cuda_p3.wav,fish_15,cloning,3,3.7933,0.2121,0.6976
linux-cloning,fish_15_cuda_p4.wav,fish_15,cloning,4,3.8789,0.1111,0.7053
linux-cloning,fish_15_cuda_p5.wav,fish_15,cloning,5,3.0034,0.0000,0.3639
linux-cloning,fish_s2_cuda_p1.wav,fish_s2,cloning,1,4.0231,0.0000,0.6188
linux-cloning,fish_s2_cuda_p2.wav,fish_s2,cloning,2,4.2589,0.0000,0.7521
linux-cloning,fish_s2_cuda_p3.wav,fish_s2,cloning,3,4.4133,0.1212,0.7498
linux-cloning,fish_s2_cuda_p4.wav,fish_s2,cloning,4,4.3830,0.1111,0.7779
linux-cloning,higgs_v3_cuda_p1.wav,higgs_v3,cloning,1,4.1187,0.0000,0.6793
linux-cloning,higgs_v3_cuda_p2.wav,higgs_v3,cloning,2,4.3086,0.0000,0.7518
linux-cloning,higgs_v3_cuda_p3.wav,higgs_v3,cloning,3,4.5011,0.1212,0.6364
linux-cloning,higgs_v3_cuda_p4.wav,higgs_v3,cloning,4,4.3187,0.1111,0.7973
linux-cloning,higgs_v3_cuda_p5.wav,higgs_v3,cloning,5,3.9759,0.0000,0.4661
linux-cloning,indextts_cpu_p1.wav,indextts,cloning,1,3.8286,0.1429,0.7357
linux-cloning,indextts_cpu_p2.wav,indextts,cloning,2,3.5387,0.0000,0.8591
linux-cloning,indextts_cpu_p3.wav,indextts,cloning,3,3.8305,0.1818,0.8360
linux-cloning,indextts_cpu_p4.wav,indextts,cloning,4,3.5525,0.1111,0.8055
linux-cloning,indextts_cuda_p1.wav,indextts,cloning,1,3.8162,0.0000,0.7540
linux-cloning,indextts_cuda_p2.wav,indextts,cloning,2,3.6892,0.0000,0.8464
linux-cloning,indextts_cuda_p3.wav,indextts,cloning,3,3.6087,0.1818,0.8624
linux-cloning,indextts_cuda_p4.wav,indextts,cloning,4,3.9816,0.1111,0.8403
linux-cloning,longcat_1b_cuda_p1.wav,longcat_1b,cloning,1,3.8182,0.0000,0.8270
linux-cloning,longcat_1b_cuda_p2.wav,longcat_1b,cloning,2,4.2998,0.0000,0.8910
linux-cloning,longcat_1b_cuda_p3.wav,longcat_1b,cloning,3,3.9375,0.3636,0.8923
linux-cloning,longcat_1b_cuda_p4.wav,longcat_1b,cloning,4,3.4744,0.2222,0.8706
linux-cloning,longcat_3p5b_cuda_p1.wav,longcat_3p5b,cloning,1,2.6487,0.4286,0.6306
linux-cloning,longcat_3p5b_cuda_p2.wav,longcat_3p5b,cloning,2,3.9151,0.0000,0.8978
linux-cloning,longcat_3p5b_cuda_p3.wav,longcat_3p5b,cloning,3,3.5204,0.3636,0.9116
linux-cloning,longcat_3p5b_cuda_p4.wav,longcat_3p5b,cloning,4,3.6575,0.2222,0.8988
linux-cloning,luxtts_cpu_p1.wav,luxtts,cloning,1,3.8652,0.0000,0.4755
linux-cloning,luxtts_cpu_p2.wav,luxtts,cloning,2,4.3694,0.0000,0.5130
linux-cloning,luxtts_cpu_p3.wav,luxtts,cloning,3,4.1418,0.1818,0.1416
linux-cloning,luxtts_cpu_p4.wav,luxtts,cloning,4,4.1344,0.1111,0.5795
linux-cloning,luxtts_cuda_p1.wav,luxtts,cloning,1,3.8606,0.0000,0.5363
linux-cloning,luxtts_cuda_p2.wav,luxtts,cloning,2,4.2629,0.0000,0.4850
linux-cloning,luxtts_cuda_p3.wav,luxtts,cloning,3,4.0217,0.1515,0.4038
linux-cloning,luxtts_cuda_p4.wav,luxtts,cloning,4,4.3343,0.1111,0.4144
linux-cloning,mars5_cpu_p1.wav,mars5,cloning,1,1.3978,1.0000,0.0980
linux-cloning,mars5_cpu_p2.wav,mars5,cloning,2,1.2882,0.5263,0.1544
linux-cloning,mars5_cpu_p3.wav,mars5,cloning,3,1.2543,0.9394,0.1566
linux-cloning,mars5_cpu_p4.wav,mars5,cloning,4,1.3147,1.0000,0.0849
linux-cloning,mars5_cuda_p1.wav,mars5,cloning,1,1.4172,1.0000,0.1157
linux-cloning,mars5_cuda_p2.wav,mars5,cloning,2,1.4094,0.4737,0.0810
linux-cloning,mars5_cuda_p3.wav,mars5,cloning,3,1.3037,0.8788,0.0548
linux-cloning,mars5_cuda_p4.wav,mars5,cloning,4,1.3978,0.7778,0.0800
linux-cloning,metavoice_cuda_p1.wav,metavoice,cloning,1,3.6144,0.2857,0.3758
linux-cloning,metavoice_cuda_p2.wav,metavoice,cloning,2,3.7250,0.3158,0.3468
linux-cloning,metavoice_cuda_p3.wav,metavoice,cloning,3,4.0111,0.6364,0.3776
linux-cloning,metavoice_cuda_p4.wav,metavoice,cloning,4,3.8317,0.1111,0.4272
linux-cloning,miratts_cuda_p1.wav,miratts,cloning,1,3.5780,0.0000,0.5151
linux-cloning,miratts_cuda_p2.wav,miratts,cloning,2,3.8460,0.0000,0.5768
linux-cloning,miratts_cuda_p3.wav,miratts,cloning,3,4.0782,0.1212,0.5129
linux-cloning,miratts_cuda_p4.wav,miratts,cloning,4,3.7098,0.2778,0.5370
linux-cloning,miso_cuda_p1.wav,miso,cloning,1,3.7857,0.0000,0.5201
linux-cloning,miso_cuda_p2.wav,miso,cloning,2,3.8366,0.0000,0.6701
linux-cloning,miso_cuda_p3.wav,miso,cloning,3,4.3273,0.4848,0.7367
linux-cloning,miso_cuda_p4.wav,miso,cloning,4,3.2492,0.3333,0.6902
linux-cloning,moss_tts_cuda_p1.wav,moss_tts,cloning,1,4.2907,0.1429,0.6739
linux-cloning,moss_tts_cuda_p2.wav,moss_tts,cloning,2,4.2682,0.0000,0.8466
linux-cloning,moss_tts_cuda_p3.wav,moss_tts,cloning,3,4.3719,0.1515,0.8711
linux-cloning,moss_tts_cuda_p4.wav,moss_tts,cloning,4,4.3823,0.0000,0.8588
linux-cloning,moss_tts_cuda_p5.wav,moss_tts,cloning,5,3.8060,0.0000,0.5824
linux-cloning,moss_tts_nano_cpu_p1.wav,moss_tts_nano,cloning,1,4.1675,0.0000,0.5986
linux-cloning,moss_tts_nano_cpu_p2.wav,moss_tts_nano,cloning,2,4.0859,0.0000,0.7234
linux-cloning,moss_tts_nano_cpu_p3.wav,moss_tts_nano,cloning,3,4.0273,0.2121,0.7530
linux-cloning,moss_tts_nano_cpu_p4.wav,moss_tts_nano,cloning,4,4.0099,0.1111,0.7738
linux-cloning,moss_tts_nano_cpu_p5.wav,moss_tts_nano,cloning,5,3.4634,0.2667,0.2585
linux-cloning,moss_tts_nano_cuda_p1.wav,moss_tts_nano,cloning,1,3.7552,0.0000,0.4518
linux-cloning,moss_tts_nano_cuda_p2.wav,moss_tts_nano,cloning,2,3.9261,0.0000,0.7170
linux-cloning,moss_tts_nano_cuda_p3.wav,moss_tts_nano,cloning,3,4.2451,0.1818,0.7712
linux-cloning,moss_tts_nano_cuda_p4.wav,moss_tts_nano,cloning,4,3.9024,0.1111,0.7069
linux-cloning,moss_tts_nano_cuda_p5.wav,moss_tts_nano,cloning,5,3.1117,0.0000,0.4095
linux-cloning,moss_tts_v15_cuda_p1.wav,moss_tts_v15,cloning,1,3.9609,0.0000,0.7788
linux-cloning,moss_tts_v15_cuda_p2.wav,moss_tts_v15,cloning,2,4.2355,0.0000,0.8011
linux-cloning,moss_tts_v15_cuda_p3.wav,moss_tts_v15,cloning,3,4.4714,0.1212,0.8450
linux-cloning,moss_tts_v15_cuda_p4.wav,moss_tts_v15,cloning,4,4.3359,0.1111,0.7892
linux-cloning,moss_tts_v15_cuda_p5.wav,moss_tts_v15,cloning,5,3.5884,0.0000,0.5165
linux-cloning,neutts_air_cpu_p1.wav,neutts_air,cloning,1,2.8339,0.8571,0.2412
linux-cloning,neutts_air_cpu_p2.wav,neutts_air,cloning,2,3.9149,0.5263,0.4209
linux-cloning,neutts_air_cpu_p3.wav,neutts_air,cloning,3,3.7374,0.3333,0.4280
linux-cloning,neutts_air_cpu_p4.wav,neutts_air,cloning,4,3.5064,0.2222,0.4208
linux-cloning,neutts_air_cuda_p1.wav,neutts_air,cloning,1,2.1147,1.0000,0.3699
linux-cloning,neutts_air_cuda_p2.wav,neutts_air,cloning,2,3.4994,0.0526,0.3336
linux-cloning,neutts_air_cuda_p3.wav,neutts_air,cloning,3,4.0449,0.3030,0.4644
linux-cloning,neutts_air_cuda_p4.wav,neutts_air,cloning,4,2.9191,0.8889,0.3895
linux-cloning,neutts_nano_cpu_p1.wav,neutts_nano,cloning,1,3.2297,0.8571,0.1382
linux-cloning,neutts_nano_cpu_p2.wav,neutts_nano,cloning,2,3.7043,0.0000,0.3306
linux-cloning,neutts_nano_cpu_p3.wav,neutts_nano,cloning,3,4.1291,0.3333,0.3575
linux-cloning,neutts_nano_cpu_p4.wav,neutts_nano,cloning,4,3.8970,0.2222,0.3146
linux-cloning,neutts_nano_cpu_p5.wav,neutts_nano,cloning,5,2.5364,1.0000,0.1273
linux-cloning,neutts_nano_cuda_p1.wav,neutts_nano,cloning,1,2.2169,0.7143,0.2026
linux-cloning,neutts_nano_cuda_p2.wav,neutts_nano,cloning,2,4.2810,0.6842,0.1844
linux-cloning,neutts_nano_cuda_p3.wav,neutts_nano,cloning,3,4.1675,0.3636,0.3536
linux-cloning,neutts_nano_cuda_p4.wav,neutts_nano,cloning,4,4.0544,0.3333,0.1921
linux-cloning,neutts_nano_cuda_p5.wav,neutts_nano,cloning,5,3.3889,0.3333,0.2044
linux-cloning,omnivoice_cpu_p1.wav,omnivoice,cloning,1,3.7985,0.1429,0.7838
linux-cloning,omnivoice_cpu_p2.wav,omnivoice,cloning,2,4.0548,0.0000,0.8870
linux-cloning,omnivoice_cpu_p3.wav,omnivoice,cloning,3,4.2376,0.2121,0.8724
linux-cloning,omnivoice_cpu_p4.wav,omnivoice,cloning,4,4.0881,0.1111,0.8947
linux-cloning,omnivoice_cpu_p5.wav,omnivoice,cloning,5,3.6185,0.0667,0.5261
linux-cloning,omnivoice_cuda_p1.wav,omnivoice,cloning,1,3.8942,0.0000,0.7340
linux-cloning,omnivoice_cuda_p2.wav,omnivoice,cloning,2,4.0956,0.0526,0.8648
linux-cloning,omnivoice_cuda_p3.wav,omnivoice,cloning,3,4.3627,0.1818,0.8667
linux-cloning,omnivoice_cuda_p4.wav,omnivoice,cloning,4,3.9348,0.1667,0.8889
linux-cloning,omnivoice_cuda_p5.wav,omnivoice,cloning,5,3.6637,0.0667,0.5878
linux-cloning,openvoice_cpu_p1.wav,openvoice,cloning,1,3.9536,0.1429,0.3429
linux-cloning,openvoice_cpu_p2.wav,openvoice,cloning,2,3.9384,0.0526,0.2345
linux-cloning,openvoice_cpu_p3.wav,openvoice,cloning,3,3.9067,0.2424,0.2825
linux-cloning,openvoice_cpu_p4.wav,openvoice,cloning,4,3.9388,0.0556,0.2833
linux-cloning,openvoice_cpu_p5.wav,openvoice,cloning,5,3.1089,0.0000,0.0654
linux-cloning,openvoice_cuda_p1.wav,openvoice,cloning,1,4.0138,0.1429,0.2124
linux-cloning,openvoice_cuda_p2.wav,openvoice,cloning,2,4.2193,0.0526,0.2272
linux-cloning,openvoice_cuda_p3.wav,openvoice,cloning,3,3.8921,0.2424,0.3233
linux-cloning,openvoice_cuda_p4.wav,openvoice,cloning,4,4.2092,0.2222,0.2539
linux-cloning,openvoice_cuda_p5.wav,openvoice,cloning,5,3.3950,0.0000,0.0999
linux-cloning,outetts_cuda_p1.wav,outetts,cloning,1,3.6968,0.0000,0.4850
linux-cloning,outetts_cuda_p2.wav,outetts,cloning,2,3.5506,0.1053,0.4797
linux-cloning,outetts_cuda_p3.wav,outetts,cloning,3,3.6634,0.2121,0.5414
linux-cloning,outetts_cuda_p4.wav,outetts,cloning,4,3.7539,0.2222,0.5474
linux-cloning,outetts_cuda_p5.wav,outetts,cloning,5,3.5021,0.7333,0.2678
linux-cloning,pocket_cpu_p1.wav,pocket,cloning,1,4.0433,0.0000,0.5339
linux-cloning,pocket_cpu_p2.wav,pocket,cloning,2,4.1820,0.0000,0.5383
linux-cloning,pocket_cpu_p3.wav,pocket,cloning,3,4.2809,0.2424,0.6284
linux-cloning,pocket_cpu_p4.wav,pocket,cloning,4,4.0976,0.1667,0.6497
linux-cloning,pocket_cpu_p5.wav,pocket,cloning,5,3.2070,0.0000,0.1972
linux-cloning,qwentts_fast_cuda_p1.wav,qwentts_fast,cloning,1,1.2473,31.5714,0.0617
linux-cloning,qwentts_fast_cuda_p2.wav,qwentts_fast,cloning,2,1.2489,7.7895,0.1013
linux-cloning,qwentts_fast_cuda_p3.wav,qwentts_fast,cloning,3,1.2258,0.9697,0.2243
linux-cloning,qwentts_fast_cuda_p4.wav,qwentts_fast,cloning,4,1.2434,8.2222,0.2217
linux-cloning,qwentts_fast_cuda_p5.wav,qwentts_fast,cloning,5,1.2450,9.8667,0.1261
linux-cloning,sesame_cpu_p1.wav,sesame,cloning,1,3.8597,0.0000,0.5823
linux-cloning,sesame_cpu_p2.wav,sesame,cloning,2,3.9415,0.0000,0.7911
linux-cloning,sesame_cpu_p3.wav,sesame,cloning,3,4.2105,0.5152,0.7296
linux-cloning,sesame_cpu_p4.wav,sesame,cloning,4,4.1562,0.1111,0.7854
linux-cloning,sesame_cuda_p1.wav,sesame,cloning,1,3.8007,0.0000,0.6604
linux-cloning,sesame_cuda_p2.wav,sesame,cloning,2,3.9783,0.0526,0.7396
linux-cloning,sesame_cuda_p3.wav,sesame,cloning,3,4.1498,0.4242,0.8226
linux-cloning,sesame_cuda_p4.wav,sesame,cloning,4,4.2237,0.1111,0.7991
linux-cloning,step_editx_cuda_p1.wav,step_editx,cloning,1,3.8731,0.1429,0.2973
linux-cloning,step_editx_cuda_p2.wav,step_editx,cloning,2,4.0762,0.0000,0.4709
linux-cloning,step_editx_cuda_p3.wav,step_editx,cloning,3,4.4541,0.1515,0.5660
linux-cloning,step_editx_cuda_p4.wav,step_editx,cloning,4,4.3640,0.1111,0.4953
linux-cloning,styletts2_cpu_p1.wav,styletts2,cloning,1,4.4200,0.0000,0.2599
linux-cloning,styletts2_cpu_p2.wav,styletts2,cloning,2,4.4532,0.0000,0.3268
linux-cloning,styletts2_cpu_p3.wav,styletts2,cloning,3,4.0840,0.1818,0.3279
linux-cloning,styletts2_cpu_p4.wav,styletts2,cloning,4,4.3668,0.2778,0.2784
linux-cloning,styletts2_cuda_p1.wav,styletts2,cloning,1,4.4200,0.0000,0.2599
linux-cloning,styletts2_cuda_p2.wav,styletts2,cloning,2,4.4532,0.0000,0.3268
linux-cloning,styletts2_cuda_p3.wav,styletts2,cloning,3,4.0840,0.1818,0.3279
linux-cloning,styletts2_cuda_p4.wav,styletts2,cloning,4,4.3668,0.2778,0.2784
linux-cloning,vibevoice_7b_cuda_p1.wav,vibevoice_7b,cloning,1,3.0367,0.0000,-0.0519
linux-cloning,vibevoice_7b_cuda_p2.wav,vibevoice_7b,cloning,2,4.0345,0.1053,0.7809
linux-cloning,vibevoice_7b_cuda_p3.wav,vibevoice_7b,cloning,3,4.0610,0.1212,0.8154
linux-cloning,vibevoice_7b_cuda_p4.wav,vibevoice_7b,cloning,4,4.1681,0.2778,0.7895
linux-cloning,voxcpm_cpu_p1.wav,voxcpm,cloning,1,4.0625,0.0000,0.5635
linux-cloning,voxcpm_cpu_p2.wav,voxcpm,cloning,2,3.8995,0.0000,0.6177
linux-cloning,voxcpm_cpu_p3.wav,voxcpm,cloning,3,4.2052,0.0606,0.6302
linux-cloning,voxcpm_cpu_p4.wav,voxcpm,cloning,4,3.7703,0.1667,0.5902
linux-cloning,voxcpm_cpu_p5.wav,voxcpm,cloning,5,2.4871,0.0000,0.4067
linux-cloning,voxcpm_cuda_p1.wav,voxcpm,cloning,1,4.1030,0.0000,0.6055
linux-cloning,voxcpm_cuda_p2.wav,voxcpm,cloning,2,4.2165,0.0000,0.6018
linux-cloning,voxcpm_cuda_p3.wav,voxcpm,cloning,3,4.3187,0.0909,0.7396
linux-cloning,voxcpm_cuda_p4.wav,voxcpm,cloning,4,4.0180,0.1667,0.6426
linux-cloning,voxcpm_cuda_p5.wav,voxcpm,cloning,5,3.0031,0.0000,0.3637
linux-cloning,zipvoice_cpu_p1.wav,zipvoice,cloning,1,4.0611,0.0000,0.5356
linux-cloning,zipvoice_cpu_p2.wav,zipvoice,cloning,2,3.8114,0.0000,0.5827
linux-cloning,zipvoice_cpu_p4.wav,zipvoice,cloning,4,4.3927,0.1111,0.3519
linux-cloning,zipvoice_cpu_p5.wav,zipvoice,cloning,5,3.7830,0.1333,0.3288
linux-cloning,zonos_cpu_p1.wav,zonos,cloning,1,4.2068,0.1429,0.6221
linux-cloning,zonos_cpu_p2.wav,zonos,cloning,2,4.0258,0.0000,0.6937
linux-cloning,zonos_cpu_p3.wav,zonos,cloning,3,3.8393,0.2121,0.7157
linux-cloning,zonos_cpu_p4.wav,zonos,cloning,4,4.1193,0.1111,0.7556
linux-cloning,zonos_cpu_p5.wav,zonos,cloning,5,3.1714,0.0667,0.4414
linux-cloning,zonos_cuda_p1.wav,zonos,cloning,1,3.8972,0.1429,0.6506
linux-cloning,zonos_cuda_p2.wav,zonos,cloning,2,4.2379,0.0526,0.7740
linux-cloning,zonos_cuda_p3.wav,zonos,cloning,3,4.0372,0.1515,0.7354
linux-cloning,zonos_cuda_p4.wav,zonos,cloning,4,4.0241,0.2222,0.7941
linux-cloning,zonos_cuda_p5.wav,zonos,cloning,5,2.8340,0.0000,0.4488
linux-default,chatterbox_cpu_p1.wav,chatterbox,default,1,4.4098,0.0000,
linux-default,chatterbox_cpu_p2.wav,chatterbox,default,2,4.4091,0.0000,
linux-default,chatterbox_cpu_p3.wav,chatterbox,default,3,4.4992,0.0909,
linux-default,chatterbox_cpu_p4.wav,chatterbox,default,4,4.4368,0.1111,
linux-default,chatterbox_cuda_p1.wav,chatterbox,default,1,4.3862,0.0000,
linux-default,chatterbox_cuda_p2.wav,chatterbox,default,2,4.4123,0.0000,
linux-default,chatterbox_cuda_p3.wav,chatterbox,default,3,4.4930,0.1212,
linux-default,chatterbox_cuda_p4.wav,chatterbox,default,4,4.4213,0.0000,
linux-default,chatterbox_turbo_cpu_p1.wav,chatterbox_turbo,default,1,4.0068,0.0000,
linux-default,chatterbox_turbo_cpu_p2.wav,chatterbox_turbo,default,2,4.4538,0.0000,
linux-default,chatterbox_turbo_cpu_p3.wav,chatterbox_turbo,default,3,4.1424,0.2424,
linux-default,chatterbox_turbo_cpu_p4.wav,chatterbox_turbo,default,4,4.4400,0.0556,
linux-default,chatterbox_turbo_cuda_p1.wav,chatterbox_turbo,default,1,4.4206,0.0000,
linux-default,chatterbox_turbo_cuda_p2.wav,chatterbox_turbo,default,2,4.2927,0.0000,
linux-default,chatterbox_turbo_cuda_p3.wav,chatterbox_turbo,default,3,4.3513,0.1818,
linux-default,chatterbox_turbo_cuda_p4.wav,chatterbox_turbo,default,4,4.4171,0.0556,
linux-default,coqui_cpu_p1.wav,coqui,default,1,3.8860,0.0000,
linux-default,coqui_cpu_p2.wav,coqui,default,2,4.4112,0.1579,
linux-default,coqui_cpu_p3.wav,coqui,default,3,4.2566,0.1818,
linux-default,coqui_cpu_p4.wav,coqui,default,4,4.1886,0.1111,
linux-default,coqui_cpu_p5.wav,coqui,default,5,3.2637,0.0000,
linux-default,coqui_cuda_p1.wav,coqui,default,1,3.7804,0.0000,
linux-default,coqui_cuda_p2.wav,coqui,default,2,4.3720,0.0000,
linux-default,coqui_cuda_p3.wav,coqui,default,3,4.2222,0.2727,
linux-default,coqui_cuda_p4.wav,coqui,default,4,4.0284,0.1667,
linux-default,coqui_cuda_p5.wav,coqui,default,5,3.4410,0.0000,
linux-default,dia_cuda_p1.wav,dia,default,1,2.2590,0.0000,
linux-default,dia_cuda_p2.wav,dia,default,2,2.5041,0.0526,
linux-default,dia_cuda_p3.wav,dia,default,3,3.8012,0.2424,
linux-default,dia_cuda_p4.wav,dia,default,4,3.5443,0.1111,
linux-default,dots_tts_cuda_p1.wav,dots_tts,default,1,4.2030,0.0000,
linux-default,dots_tts_cuda_p2.wav,dots_tts,default,2,3.0627,0.0000,
linux-default,dots_tts_cuda_p3.wav,dots_tts,default,3,3.8071,0.1818,
linux-default,dots_tts_cuda_p4.wav,dots_tts,default,4,3.5438,0.1111,
linux-default,dots_tts_cuda_p5.wav,dots_tts,default,5,1.5168,0.0000,
linux-default,dramabox_cuda_p1.wav,dramabox,default,1,4.1697,0.0000,
linux-default,dramabox_cuda_p2.wav,dramabox,default,2,4.2881,0.0000,
linux-default,dramabox_cuda_p3.wav,dramabox,default,3,4.0977,0.1515,
linux-default,dramabox_cuda_p4.wav,dramabox,default,4,4.3603,0.2222,
linux-default,echo_cuda_p1.wav,echo,default,1,4.0375,0.0000,
linux-default,echo_cuda_p2.wav,echo,default,2,4.3128,0.0000,
linux-default,echo_cuda_p3.wav,echo,default,3,4.3427,0.2424,
linux-default,echo_cuda_p4.wav,echo,default,4,4.1547,0.0556,
linux-default,f5tts_cpu_p1.wav,f5tts,default,1,3.7231,0.1429,
linux-default,f5tts_cpu_p2.wav,f5tts,default,2,3.2801,0.0000,
linux-default,f5tts_cpu_p3.wav,f5tts,default,3,4.0488,0.2424,
linux-default,f5tts_cpu_p4.wav,f5tts,default,4,4.2882,0.1667,
linux-default,f5tts_cuda_p1.wav,f5tts,default,1,4.0601,0.0000,
linux-default,f5tts_cuda_p2.wav,f5tts,default,2,4.3214,0.1053,
linux-default,f5tts_cuda_p3.wav,f5tts,default,3,4.0078,0.1515,
linux-default,f5tts_cuda_p4.wav,f5tts,default,4,4.2573,0.1667,
linux-default,fish_15_cpu_p1.wav,fish_15,default,1,3.8616,0.0000,
linux-default,fish_15_cpu_p2.wav,fish_15,default,2,4.0997,0.0000,
linux-default,fish_15_cpu_p3.wav,fish_15,default,3,3.8443,0.2727,
linux-default,fish_15_cpu_p4.wav,fish_15,default,4,3.5378,0.1111,
linux-default,fish_15_cpu_p5.wav,fish_15,default,5,3.1898,0.0000,
linux-default,fish_15_cuda_p1.wav,fish_15,default,1,3.1358,0.0000,
linux-default,fish_15_cuda_p2.wav,fish_15,default,2,3.7595,0.0000,
linux-default,fish_15_cuda_p3.wav,fish_15,default,3,3.7816,0.2121,
linux-default,fish_15_cuda_p4.wav,fish_15,default,4,3.9493,0.2222,
linux-default,fish_15_cuda_p5.wav,fish_15,default,5,2.9757,0.0000,
linux-default,fish_s2_cuda_p1.wav,fish_s2,default,1,4.4076,0.0000,
linux-default,fish_s2_cuda_p2.wav,fish_s2,default,2,4.4565,0.0000,
linux-default,fish_s2_cuda_p3.wav,fish_s2,default,3,4.5305,0.1212,
linux-default,fish_s2_cuda_p4.wav,fish_s2,default,4,4.4858,0.1111,
linux-default,higgs_v3_cuda_p1.wav,higgs_v3,default,1,4.4372,0.0000,
linux-default,higgs_v3_cuda_p2.wav,higgs_v3,default,2,4.4652,0.0000,
linux-default,higgs_v3_cuda_p3.wav,higgs_v3,default,3,4.5407,0.2121,
linux-default,higgs_v3_cuda_p4.wav,higgs_v3,default,4,4.4890,0.1111,
linux-default,higgs_v3_cuda_p5.wav,higgs_v3,default,5,3.9286,0.0000,
linux-default,indextts_cpu_p1.wav,indextts,default,1,4.2105,0.0000,
linux-default,indextts_cpu_p2.wav,indextts,default,2,3.7483,0.0526,
linux-default,indextts_cpu_p3.wav,indextts,default,3,4.0719,0.1818,
linux-default,indextts_cpu_p4.wav,indextts,default,4,3.9934,0.1111,
linux-default,indextts_cuda_p1.wav,indextts,default,1,4.3693,0.0000,
linux-default,indextts_cuda_p2.wav,indextts,default,2,4.3416,0.0526,
linux-default,indextts_cuda_p3.wav,indextts,default,3,4.0557,0.2727,
linux-default,indextts_cuda_p4.wav,indextts,default,4,4.3086,0.1111,
linux-default,kittentts_cpu_p1.wav,kittentts,default,1,3.4560,0.0000,
linux-default,kittentts_cpu_p2.wav,kittentts,default,2,3.6429,0.0000,
linux-default,kittentts_cpu_p3.wav,kittentts,default,3,4.0792,0.1818,
linux-default,kittentts_cpu_p4.wav,kittentts,default,4,3.6977,0.2778,
linux-default,kokoro_cpu_p1.wav,kokoro,default,1,4.4325,0.0000,
linux-default,kokoro_cpu_p2.wav,kokoro,default,2,4.5182,0.0000,
linux-default,kokoro_cpu_p3.wav,kokoro,default,3,4.5426,0.2121,
linux-default,kokoro_cpu_p4.wav,kokoro,default,4,4.5264,0.1111,
linux-default,kokoro_cpu_p5.wav,kokoro,default,5,3.4531,0.0000,
linux-default,kokoro_cuda_p1.wav,kokoro,default,1,4.4319,0.0000,
linux-default,kokoro_cuda_p2.wav,kokoro,default,2,4.5188,0.0000,
linux-default,kokoro_cuda_p3.wav,kokoro,default,3,4.5441,0.2121,
linux-default,kokoro_cuda_p4.wav,kokoro,default,4,4.5299,0.1111,
linux-default,kokoro_cuda_p5.wav,kokoro,default,5,3.4533,0.0000,
linux-default,longcat_1b_cuda_p1.wav,longcat_1b,default,1,3.4646,0.0000,
linux-default,longcat_1b_cuda_p2.wav,longcat_1b,default,2,3.9753,0.0000,
linux-default,longcat_1b_cuda_p3.wav,longcat_1b,default,3,4.3970,0.1515,
linux-default,longcat_1b_cuda_p4.wav,longcat_1b,default,4,4.3773,0.2222,
linux-default,longcat_3p5b_cuda_p1.wav,longcat_3p5b,default,1,4.2103,0.0000,
linux-default,longcat_3p5b_cuda_p2.wav,longcat_3p5b,default,2,4.3602,0.0000,
linux-default,longcat_3p5b_cuda_p3.wav,longcat_3p5b,default,3,4.4081,0.1515,
linux-default,longcat_3p5b_cuda_p4.wav,longcat_3p5b,default,4,4.3843,0.1667,
linux-default,luxtts_cpu_p1.wav,luxtts,default,1,1.4784,1.0000,
linux-default,luxtts_cpu_p2.wav,luxtts,default,2,2.0887,0.3684,
linux-default,luxtts_cpu_p3.wav,luxtts,default,3,3.1240,0.2424,
linux-default,luxtts_cpu_p4.wav,luxtts,default,4,2.5214,0.8333,
linux-default,luxtts_cuda_p1.wav,luxtts,default,1,3.5609,0.0000,
linux-default,luxtts_cuda_p2.wav,luxtts,default,2,3.8640,0.1053,
linux-default,luxtts_cuda_p3.wav,luxtts,default,3,3.3760,0.1515,
linux-default,luxtts_cuda_p4.wav,luxtts,default,4,3.3595,0.1111,
linux-default,magpie_cpu_p1.wav,magpie,default,1,4.3280,0.0000,
linux-default,magpie_cpu_p2.wav,magpie,default,2,4.3856,0.0000,
linux-default,magpie_cpu_p3.wav,magpie,default,3,4.4122,0.1515,
linux-default,magpie_cpu_p4.wav,magpie,default,4,4.4072,0.1667,
linux-default,magpie_cpu_p5.wav,magpie,default,5,3.3192,0.0000,
linux-default,magpie_cuda_p1.wav,magpie,default,1,4.3310,0.0000,
linux-default,magpie_cuda_p2.wav,magpie,default,2,4.4518,0.0000,
linux-default,magpie_cuda_p3.wav,magpie,default,3,4.4230,0.1818,
linux-default,magpie_cuda_p4.wav,magpie,default,4,4.4291,0.1111,
linux-default,magpie_cuda_p5.wav,magpie,default,5,3.4501,0.0000,
linux-default,mars5_cpu_p1.wav,mars5,default,1,3.6498,0.4286,
linux-default,mars5_cpu_p2.wav,mars5,default,2,4.2889,0.0526,
linux-default,mars5_cpu_p3.wav,mars5,default,3,1.6627,0.7576,
linux-default,mars5_cpu_p4.wav,mars5,default,4,4.2234,0.3889,
linux-default,mars5_cuda_p1.wav,mars5,default,1,3.9009,0.0000,
linux-default,mars5_cuda_p2.wav,mars5,default,2,4.3533,0.1579,
linux-default,mars5_cuda_p3.wav,mars5,default,3,1.5930,0.8182,
linux-default,mars5_cuda_p4.wav,mars5,default,4,4.2710,0.3889,
linux-default,maya1_cpu_p1.wav,maya1,default,1,4.3889,0.0000,
linux-default,maya1_cpu_p2.wav,maya1,default,2,4.4532,0.0000,
linux-default,maya1_cuda_p1.wav,maya1,default,1,4.4692,0.0000,
linux-default,maya1_cuda_p2.wav,maya1,default,2,4.4683,0.0000,
linux-default,maya1_cuda_p3.wav,maya1,default,3,4.5015,0.0909,
linux-default,maya1_cuda_p4.wav,maya1,default,4,4.4353,0.1111,
linux-default,metavoice_cuda_p1.wav,metavoice,default,1,3.6144,0.2857,
linux-default,metavoice_cuda_p2.wav,metavoice,default,2,3.7250,0.3158,
linux-default,metavoice_cuda_p3.wav,metavoice,default,3,4.0111,0.6364,
linux-default,metavoice_cuda_p4.wav,metavoice,default,4,3.8317,0.1111,
linux-default,miratts_cuda_p1.wav,miratts,default,1,3.5780,0.0000,
linux-default,miratts_cuda_p2.wav,miratts,default,2,3.8460,0.0000,
linux-default,miratts_cuda_p3.wav,miratts,default,3,4.0782,0.1212,
linux-default,miratts_cuda_p4.wav,miratts,default,4,3.7098,0.2778,
linux-default,miso_cuda_p1.wav,miso,default,1,4.1318,0.2857,
linux-default,miso_cuda_p2.wav,miso,default,2,4.4568,0.3158,
linux-default,miso_cuda_p3.wav,miso,default,3,3.6810,0.4848,
linux-default,miso_cuda_p4.wav,miso,default,4,4.0176,0.5000,
linux-default,moss_tts_cuda_p1.wav,moss_tts,default,1,4.0163,0.0000,
linux-default,moss_tts_cuda_p2.wav,moss_tts,default,2,4.2720,0.1053,
linux-default,moss_tts_cuda_p3.wav,moss_tts,default,3,4.4158,0.1818,
linux-default,moss_tts_cuda_p4.wav,moss_tts,default,4,4.1697,0.0000,
linux-default,moss_tts_cuda_p5.wav,moss_tts,default,5,3.7256,0.0000,
linux-default,moss_tts_nano_cpu_p1.wav,moss_tts_nano,default,1,4.0145,0.0000,
linux-default,moss_tts_nano_cpu_p2.wav,moss_tts_nano,default,2,4.2648,0.0000,
linux-default,moss_tts_nano_cpu_p3.wav,moss_tts_nano,default,3,4.0897,0.1818,
linux-default,moss_tts_nano_cpu_p4.wav,moss_tts_nano,default,4,4.0231,0.0556,
linux-default,moss_tts_nano_cpu_p5.wav,moss_tts_nano,default,5,3.5827,0.0000,
linux-default,moss_tts_nano_cuda_p1.wav,moss_tts_nano,default,1,4.1724,0.2857,
linux-default,moss_tts_nano_cuda_p2.wav,moss_tts_nano,default,2,3.8990,0.0000,
linux-default,moss_tts_nano_cuda_p3.wav,moss_tts_nano,default,3,4.2122,0.2727,
linux-default,moss_tts_nano_cuda_p4.wav,moss_tts_nano,default,4,4.3310,0.0556,
linux-default,moss_tts_nano_cuda_p5.wav,moss_tts_nano,default,5,2.9957,0.3333,
linux-default,moss_tts_v15_cuda_p1.wav,moss_tts_v15,default,1,3.8375,0.0000,
linux-default,moss_tts_v15_cuda_p2.wav,moss_tts_v15,default,2,4.4165,0.0000,
linux-default,moss_tts_v15_cuda_p3.wav,moss_tts_v15,default,3,4.3630,0.2121,
linux-default,moss_tts_v15_cuda_p4.wav,moss_tts_v15,default,4,4.2713,0.1111,
linux-default,moss_tts_v15_cuda_p5.wav,moss_tts_v15,default,5,3.6720,0.0000,
linux-default,neutts_air_cpu_p1.wav,neutts_air,default,1,3.4176,0.0000,
linux-default,neutts_air_cpu_p2.wav,neutts_air,default,2,3.8006,0.0000,
linux-default,neutts_air_cpu_p3.wav,neutts_air,default,3,3.9009,0.3030,
linux-default,neutts_air_cpu_p4.wav,neutts_air,default,4,4.2751,0.0556,
linux-default,neutts_air_cuda_p1.wav,neutts_air,default,1,3.5224,0.0000,
linux-default,neutts_air_cuda_p2.wav,neutts_air,default,2,3.5519,0.0526,
linux-default,neutts_air_cuda_p3.wav,neutts_air,default,3,4.0236,0.1818,
linux-default,neutts_air_cuda_p4.wav,neutts_air,default,4,3.7848,0.0556,
linux-default,neutts_nano_cpu_p1.wav,neutts_nano,default,1,3.6191,0.0000,
linux-default,neutts_nano_cpu_p2.wav,neutts_nano,default,2,3.5201,0.0000,
linux-default,neutts_nano_cpu_p3.wav,neutts_nano,default,3,3.9797,0.2424,
linux-default,neutts_nano_cpu_p4.wav,neutts_nano,default,4,4.0584,0.1667,
linux-default,neutts_nano_cpu_p5.wav,neutts_nano,default,5,3.2298,0.0000,
linux-default,neutts_nano_cuda_p1.wav,neutts_nano,default,1,3.6335,0.0000,
linux-default,neutts_nano_cuda_p2.wav,neutts_nano,default,2,4.1221,0.0526,
linux-default,neutts_nano_cuda_p3.wav,neutts_nano,default,3,4.1629,0.1212,
linux-default,neutts_nano_cuda_p4.wav,neutts_nano,default,4,4.2881,0.1111,
linux-default,neutts_nano_cuda_p5.wav,neutts_nano,default,5,3.4448,0.0000,
linux-default,omnivoice_cpu_p1.wav,omnivoice,default,1,4.4385,0.0000,
linux-default,omnivoice_cpu_p2.wav,omnivoice,default,2,4.3471,0.0000,
linux-default,omnivoice_cpu_p3.wav,omnivoice,default,3,4.3990,0.0606,
linux-default,omnivoice_cpu_p4.wav,omnivoice,default,4,3.8913,0.1111,
linux-default,omnivoice_cpu_p5.wav,omnivoice,default,5,3.4057,0.0000,
linux-default,omnivoice_cuda_p1.wav,omnivoice,default,1,3.7547,0.0000,
linux-default,omnivoice_cuda_p2.wav,omnivoice,default,2,3.9005,0.0000,
linux-default,omnivoice_cuda_p3.wav,omnivoice,default,3,4.1946,0.1212,
linux-default,omnivoice_cuda_p4.wav,omnivoice,default,4,4.1770,0.1667,
linux-default,omnivoice_cuda_p5.wav,omnivoice,default,5,3.6450,0.0000,
linux-default,openvoice_cpu_p1.wav,openvoice,default,1,4.1181,0.1429,
linux-default,openvoice_cpu_p2.wav,openvoice,default,2,4.2812,0.0526,
linux-default,openvoice_cpu_p3.wav,openvoice,default,3,4.1417,0.2424,
linux-default,openvoice_cpu_p4.wav,openvoice,default,4,3.8690,0.1111,
linux-default,openvoice_cpu_p5.wav,openvoice,default,5,3.5331,0.0000,
linux-default,openvoice_cuda_p1.wav,openvoice,default,1,3.9676,0.0000,
linux-default,openvoice_cuda_p2.wav,openvoice,default,2,4.2304,0.0526,
linux-default,openvoice_cuda_p3.wav,openvoice,default,3,4.0393,0.3030,
linux-default,openvoice_cuda_p4.wav,openvoice,default,4,4.2992,0.1111,
linux-default,openvoice_cuda_p5.wav,openvoice,default,5,3.3380,0.0000,
linux-default,outetts_cpu_p1.wav,outetts,default,1,4.4532,0.0000,
linux-default,outetts_cpu_p2.wav,outetts,default,2,4.4602,0.0000,
linux-default,outetts_cpu_p3.wav,outetts,default,3,4.4734,0.1212,
linux-default,outetts_cuda_p1.wav,outetts,default,1,4.4685,0.0000,
linux-default,outetts_cuda_p2.wav,outetts,default,2,4.4144,0.0000,
linux-default,outetts_cuda_p3.wav,outetts,default,3,4.4717,0.1212,
linux-default,outetts_cuda_p4.wav,outetts,default,4,4.3514,0.2222,
linux-default,outetts_cuda_p5.wav,outetts,default,5,4.0474,0.0000,
linux-default,piper_cpu_p1.wav,piper,default,1,4.3353,0.0000,
linux-default,piper_cpu_p2.wav,piper,default,2,4.4154,0.0000,
linux-default,piper_cpu_p3.wav,piper,default,3,4.0490,0.1212,
linux-default,piper_cpu_p4.wav,piper,default,4,4.4457,0.0556,
linux-default,piper_cpu_p5.wav,piper,default,5,3.2402,0.0000,
linux-default,pocket_cpu_p1.wav,pocket,default,1,4.3221,0.0000,
linux-default,pocket_cpu_p2.wav,pocket,default,2,4.3847,0.0000,
linux-default,pocket_cpu_p3.wav,pocket,default,3,4.4176,0.2121,
linux-default,pocket_cpu_p4.wav,pocket,default,4,4.3082,0.0556,
linux-default,pocket_cpu_p5.wav,pocket,default,5,3.0211,0.0000,
linux-default,qwentts_cpu_p1.wav,qwentts,default,1,4.0279,0.0000,
linux-default,qwentts_cpu_p2.wav,qwentts,default,2,4.4671,0.0526,
linux-default,qwentts_cpu_p3.wav,qwentts,default,3,4.5154,0.1515,
linux-default,qwentts_cpu_p4.wav,qwentts,default,4,4.4870,0.1667,
linux-default,qwentts_cpu_p5.wav,qwentts,default,5,3.5626,0.0000,
linux-default,qwentts_cuda_p1.wav,qwentts,default,1,4.4022,0.0000,
linux-default,qwentts_cuda_p2.wav,qwentts,default,2,4.4592,0.0000,
linux-default,qwentts_cuda_p3.wav,qwentts,default,3,4.5055,0.1515,
linux-default,qwentts_cuda_p4.wav,qwentts,default,4,4.5066,0.1111,
linux-default,qwentts_cuda_p5.wav,qwentts,default,5,3.6212,0.0000,
linux-default,qwentts_fast_cuda_p1.wav,qwentts_fast,default,1,4.3488,0.0000,
linux-default,qwentts_fast_cuda_p2.wav,qwentts_fast,default,2,4.4618,0.0000,
linux-default,qwentts_fast_cuda_p3.wav,qwentts_fast,default,3,4.4966,0.1515,
linux-default,qwentts_fast_cuda_p4.wav,qwentts_fast,default,4,4.4900,0.1667,
linux-default,qwentts_fast_cuda_p5.wav,qwentts_fast,default,5,3.1876,0.0000,
linux-default,sesame_cpu_p1.wav,sesame,default,1,3.9686,0.0000,
linux-default,sesame_cpu_p2.wav,sesame,default,2,4.1180,0.1053,
linux-default,sesame_cpu_p3.wav,sesame,default,3,4.2514,0.6061,
linux-default,sesame_cpu_p4.wav,sesame,default,4,4.4094,0.0556,
linux-default,sesame_cuda_p1.wav,sesame,default,1,2.7633,0.0000,
linux-default,sesame_cuda_p2.wav,sesame,default,2,3.8072,0.0000,
linux-default,sesame_cuda_p3.wav,sesame,default,3,1.4261,0.6364,
linux-default,sesame_cuda_p4.wav,sesame,default,4,4.3883,0.0556,
linux-default,soprano_cpu_p1.wav,soprano,default,1,4.2369,0.0000,
linux-default,soprano_cpu_p2.wav,soprano,default,2,4.2407,0.0000,
linux-default,soprano_cpu_p3.wav,soprano,default,3,3.8958,0.1515,
linux-default,soprano_cpu_p4.wav,soprano,default,4,3.7573,0.0556,
linux-default,soprano_cuda_p1.wav,soprano,default,1,4.2507,0.0000,
linux-default,soprano_cuda_p2.wav,soprano,default,2,3.9762,0.0000,
linux-default,soprano_cuda_p3.wav,soprano,default,3,4.0248,0.2727,
linux-default,soprano_cuda_p4.wav,soprano,default,4,3.9939,0.0556,
linux-default,step_editx_cuda_p1.wav,step_editx,default,1,4.4665,0.0000,
linux-default,step_editx_cuda_p2.wav,step_editx,default,2,4.4531,0.0000,
linux-default,step_editx_cuda_p3.wav,step_editx,default,3,4.2035,0.1212,
linux-default,step_editx_cuda_p4.wav,step_editx,default,4,4.4719,0.0556,
linux-default,styletts2_cpu_p1.wav,styletts2,default,1,4.2859,0.0000,
linux-default,styletts2_cpu_p2.wav,styletts2,default,2,4.4459,0.0000,
linux-default,styletts2_cpu_p3.wav,styletts2,default,3,4.4155,0.3030,
linux-default,styletts2_cpu_p4.wav,styletts2,default,4,3.9010,0.3889,
linux-default,styletts2_cuda_p1.wav,styletts2,default,1,4.2859,0.0000,
linux-default,styletts2_cuda_p2.wav,styletts2,default,2,4.4459,0.0000,
linux-default,styletts2_cuda_p3.wav,styletts2,default,3,4.4155,0.3030,
linux-default,styletts2_cuda_p4.wav,styletts2,default,4,3.9010,0.3889,
linux-default,supertonic_cpu_p1.wav,supertonic,default,1,4.4221,0.0000,
linux-default,supertonic_cpu_p2.wav,supertonic,default,2,4.4389,0.0000,
linux-default,supertonic_cpu_p3.wav,supertonic,default,3,4.5159,0.2424,
linux-default,supertonic_cpu_p4.wav,supertonic,default,4,4.4759,0.0556,
linux-default,supertonic_cpu_p5.wav,supertonic,default,5,3.4965,0.0000,
linux-default,vibevoice_15b_cpu_p1.wav,vibevoice_15b,default,1,3.6124,0.0000,0.4822
linux-default,vibevoice_15b_cpu_p2.wav,vibevoice_15b,default,2,2.7570,0.2632,0.4189
linux-default,vibevoice_15b_cpu_p3.wav,vibevoice_15b,default,3,4.1351,0.2424,0.7442
linux-default,vibevoice_15b_cpu_p4.wav,vibevoice_15b,default,4,4.3183,0.1667,0.7636
linux-default,vibevoice_15b_cuda_p1.wav,vibevoice_15b,default,1,3.7451,0.0000,0.4138
linux-default,vibevoice_15b_cuda_p2.wav,vibevoice_15b,default,2,3.7526,0.0000,0.6952
linux-default,vibevoice_15b_cuda_p3.wav,vibevoice_15b,default,3,4.0993,0.2424,0.8027
linux-default,vibevoice_15b_cuda_p4.wav,vibevoice_15b,default,4,3.4136,0.1667,0.6486
linux-default,vibevoice_7b_cuda_p1.wav,vibevoice_7b,default,1,2.6372,0.0000,
linux-default,vibevoice_7b_cuda_p2.wav,vibevoice_7b,default,2,3.7261,0.1579,
linux-default,vibevoice_7b_cuda_p3.wav,vibevoice_7b,default,3,3.6232,0.1212,
linux-default,vibevoice_7b_cuda_p4.wav,vibevoice_7b,default,4,3.9938,0.0556,
linux-default,vibevoice_cpu_p1.wav,vibevoice,default,1,4.1683,0.0000,
linux-default,vibevoice_cpu_p2.wav,vibevoice,default,2,4.4197,0.0000,
linux-default,vibevoice_cpu_p3.wav,vibevoice,default,3,4.0974,0.1818,
linux-default,vibevoice_cpu_p4.wav,vibevoice,default,4,4.1752,0.2222,
linux-default,vibevoice_cuda_p1.wav,vibevoice,default,1,3.9425,0.0000,
linux-default,vibevoice_cuda_p2.wav,vibevoice,default,2,4.1723,0.0000,
linux-default,vibevoice_cuda_p3.wav,vibevoice,default,3,4.3247,0.1515,
linux-default,vibevoice_cuda_p4.wav,vibevoice,default,4,3.9677,0.1111,
linux-default,voxcpm_cpu_p1.wav,voxcpm,default,1,3.5886,0.0000,
linux-default,voxcpm_cpu_p2.wav,voxcpm,default,2,4.3816,0.0000,
linux-default,voxcpm_cpu_p3.wav,voxcpm,default,3,4.4548,0.0606,
linux-default,voxcpm_cpu_p4.wav,voxcpm,default,4,3.6915,0.1111,
linux-default,voxcpm_cpu_p5.wav,voxcpm,default,5,3.2283,0.0000,
linux-default,voxcpm_cuda_p1.wav,voxcpm,default,1,2.9348,0.2857,
linux-default,voxcpm_cuda_p2.wav,voxcpm,default,2,3.8898,0.0000,
linux-default,voxcpm_cuda_p3.wav,voxcpm,default,3,4.4369,0.0909,
linux-default,voxcpm_cuda_p4.wav,voxcpm,default,4,3.8174,0.3889,
linux-default,voxcpm_cuda_p5.wav,voxcpm,default,5,2.4211,0.0000,
linux-default,zipvoice_cpu_p1.wav,zipvoice,default,1,3.7218,0.0000,
linux-default,zipvoice_cpu_p2.wav,zipvoice,default,2,4.4326,0.0000,
linux-default,zipvoice_cpu_p4.wav,zipvoice,default,4,4.2905,0.1667,
linux-default,zipvoice_cpu_p5.wav,zipvoice,default,5,4.3201,0.1333,
linux-default,zonos_cpu_p1.wav,zonos,default,1,4.1991,0.0000,
linux-default,zonos_cpu_p2.wav,zonos,default,2,4.0869,0.0000,
linux-default,zonos_cpu_p3.wav,zonos,default,3,3.9078,0.2424,
linux-default,zonos_cpu_p4.wav,zonos,default,4,4.2187,0.0556,
linux-default,zonos_cpu_p5.wav,zonos,default,5,3.3068,0.0000,
linux-default,zonos_cuda_p1.wav,zonos,default,1,3.9001,0.1429,
linux-default,zonos_cuda_p2.wav,zonos,default,2,4.1882,0.0000,
linux-default,zonos_cuda_p3.wav,zonos,default,3,4.1723,0.2727,
linux-default,zonos_cuda_p4.wav,zonos,default,4,3.8316,0.2222,
linux-default,zonos_cuda_p5.wav,zonos,default,5,3.3133,0.0000,
mac-default,voxtral_mps_p1.wav,voxtral,default,1,3.4770,0.1429,
mac-default,voxtral_mps_p2.wav,voxtral,default,2,3.9925,0.0000,
mac-default,voxtral_mps_p3.wav,voxtral,default,3,3.9715,0.1515,
mac-default,voxtral_mps_p4.wav,voxtral,default,4,3.8333,0.1111,
mac-default,voxtral_mps_p5.wav,voxtral,default,5,3.1864,0.0000,
windows-cloning,chatterbox_cpu_p1.wav,chatterbox,cloning,1,4.1033,0.0000,0.4957
windows-cloning,chatterbox_cpu_p2.wav,chatterbox,cloning,2,4.2741,0.0000,0.7489
windows-cloning,chatterbox_cpu_p3.wav,chatterbox,cloning,3,4.3810,0.2424,0.6455
windows-cloning,chatterbox_cpu_p4.wav,chatterbox,cloning,4,4.3034,0.1111,0.6297
windows-cloning,chatterbox_cuda_p1.wav,chatterbox,cloning,1,4.1024,0.0000,0.6064
windows-cloning,chatterbox_cuda_p2.wav,chatterbox,cloning,2,4.2526,0.0000,0.6190
windows-cloning,chatterbox_cuda_p3.wav,chatterbox,cloning,3,4.3473,0.1818,0.6558
windows-cloning,chatterbox_cuda_p4.wav,chatterbox,cloning,4,4.4114,0.1111,0.6259
windows-cloning,chatterbox_turbo_cpu_p1.wav,chatterbox_turbo,cloning,1,4.2385,0.0000,0.4897
windows-cloning,chatterbox_turbo_cpu_p2.wav,chatterbox_turbo,cloning,2,4.1876,0.0000,0.7690
windows-cloning,chatterbox_turbo_cpu_p3.wav,chatterbox_turbo,cloning,3,4.3872,0.2121,0.7877
windows-cloning,chatterbox_turbo_cpu_p4.wav,chatterbox_turbo,cloning,4,4.1097,0.0556,0.7972
windows-cloning,chatterbox_turbo_cuda_p1.wav,chatterbox_turbo,cloning,1,3.8812,0.0000,0.5849
windows-cloning,chatterbox_turbo_cuda_p2.wav,chatterbox_turbo,cloning,2,4.0512,0.0000,0.6685
windows-cloning,chatterbox_turbo_cuda_p3.wav,chatterbox_turbo,cloning,3,4.3037,0.2727,0.7072
windows-cloning,chatterbox_turbo_cuda_p4.wav,chatterbox_turbo,cloning,4,3.9348,0.1111,0.7027
windows-cloning,coqui_cpu_p1.wav,coqui,cloning,1,3.8321,0.0000,0.3123
windows-cloning,coqui_cpu_p2.wav,coqui,cloning,2,4.2430,0.1053,0.4358
windows-cloning,coqui_cpu_p3.wav,coqui,cloning,3,4.2824,0.2121,0.4775
windows-cloning,coqui_cpu_p4.wav,coqui,cloning,4,4.1777,0.1111,0.4966
windows-cloning,coqui_cpu_p5.wav,coqui,cloning,5,3.3198,0.0000,0.3706
windows-cloning,coqui_cuda_p1.wav,coqui,cloning,1,3.9604,0.0000,0.3784
windows-cloning,coqui_cuda_p2.wav,coqui,cloning,2,3.9913,0.0000,0.4643
windows-cloning,coqui_cuda_p3.wav,coqui,cloning,3,4.3987,0.2121,0.4883
windows-cloning,coqui_cuda_p4.wav,coqui,cloning,4,4.2751,0.1667,0.4441
windows-cloning,coqui_cuda_p5.wav,coqui,cloning,5,2.8258,0.0000,0.3267
windows-cloning,dia_cuda_p1.wav,dia,cloning,1,2.7215,0.8571,0.3130
windows-cloning,dia_cuda_p2.wav,dia,cloning,2,4.1866,0.0000,0.7078
windows-cloning,dia_cuda_p3.wav,dia,cloning,3,3.5616,0.1818,0.5294
windows-cloning,dia_cuda_p4.wav,dia,cloning,4,3.8522,0.3333,0.6553
windows-cloning,dramabox_cuda_p1.wav,dramabox,cloning,1,3.7159,0.0000,0.7337
windows-cloning,dramabox_cuda_p2.wav,dramabox,cloning,2,3.8350,0.0000,0.8020
windows-cloning,dramabox_cuda_p3.wav,dramabox,cloning,3,3.8778,0.1515,0.7561
windows-cloning,dramabox_cuda_p4.wav,dramabox,cloning,4,4.1272,0.1667,0.8205
windows-cloning,echo_cuda_p1.wav,echo,cloning,1,4.0260,0.0000,0.7340
windows-cloning,echo_cuda_p2.wav,echo,cloning,2,4.3372,0.0000,0.8570
windows-cloning,echo_cuda_p3.wav,echo,cloning,3,4.3446,0.2424,0.8886
windows-cloning,echo_cuda_p4.wav,echo,cloning,4,4.1600,0.0556,0.8568
windows-cloning,f5tts_cpu_p1.wav,f5tts,cloning,1,3.8671,0.0000,0.6258
windows-cloning,f5tts_cpu_p2.wav,f5tts,cloning,2,4.2891,0.1053,0.7836
windows-cloning,f5tts_cpu_p3.wav,f5tts,cloning,3,4.2105,0.2121,0.8528
windows-cloning,f5tts_cpu_p4.wav,f5tts,cloning,4,3.6406,0.1667,0.7584
windows-cloning,f5tts_cuda_p1.wav,f5tts,cloning,1,3.9638,0.1429,0.7175
windows-cloning,f5tts_cuda_p2.wav,f5tts,cloning,2,4.0295,0.1053,0.7723
windows-cloning,f5tts_cuda_p3.wav,f5tts,cloning,3,3.9846,0.3636,0.8303
windows-cloning,f5tts_cuda_p4.wav,f5tts,cloning,4,4.1291,0.1667,0.7552
windows-cloning,fish_15_cpu_p1.wav,fish_15,cloning,1,3.4892,0.0000,0.5499
windows-cloning,fish_15_cpu_p2.wav,fish_15,cloning,2,4.0860,0.0000,0.6367
windows-cloning,fish_15_cpu_p3.wav,fish_15,cloning,3,4.1284,0.2727,0.6915
windows-cloning,fish_15_cpu_p4.wav,fish_15,cloning,4,3.9956,0.1111,0.7212
windows-cloning,fish_15_cpu_p5.wav,fish_15,cloning,5,3.1925,0.0000,0.6101
windows-cloning,fish_15_cuda_p1.wav,fish_15,cloning,1,3.4520,0.1429,0.5466
windows-cloning,fish_15_cuda_p2.wav,fish_15,cloning,2,4.0905,0.0000,0.7096
windows-cloning,fish_15_cuda_p3.wav,fish_15,cloning,3,3.7104,0.2121,0.6990
windows-cloning,fish_15_cuda_p4.wav,fish_15,cloning,4,4.0365,0.0556,0.7236
windows-cloning,fish_15_cuda_p5.wav,fish_15,cloning,5,3.0769,0.1333,0.4348
windows-cloning,indextts_cpu_p1.wav,indextts,cloning,1,3.8998,0.0000,0.7724
windows-cloning,indextts_cpu_p2.wav,indextts,cloning,2,3.5886,0.0000,0.8327
windows-cloning,indextts_cpu_p3.wav,indextts,cloning,3,3.8860,0.2121,0.8648
windows-cloning,indextts_cpu_p4.wav,indextts,cloning,4,3.7001,0.2222,0.7639
windows-cloning,indextts_cuda_p1.wav,indextts,cloning,1,3.4428,0.1429,0.7385
windows-cloning,indextts_cuda_p2.wav,indextts,cloning,2,3.7525,0.0000,0.8035
windows-cloning,indextts_cuda_p3.wav,indextts,cloning,3,4.0535,0.1515,0.8698
windows-cloning,indextts_cuda_p4.wav,indextts,cloning,4,3.5717,0.0556,0.8295
windows-cloning,mars5_cpu_p1.wav,mars5,cloning,1,1.3594,1.0000,0.2774
windows-cloning,mars5_cpu_p2.wav,mars5,cloning,2,1.3046,1.0000,-0.0052
windows-cloning,mars5_cpu_p3.wav,mars5,cloning,3,1.2436,0.9697,0.1003
windows-cloning,mars5_cpu_p4.wav,mars5,cloning,4,1.3343,0.5000,0.0988
windows-cloning,mars5_cuda_p1.wav,mars5,cloning,1,1.4724,1.0000,0.0192
windows-cloning,mars5_cuda_p2.wav,mars5,cloning,2,1.2726,0.9474,-0.0791
windows-cloning,mars5_cuda_p3.wav,mars5,cloning,3,1.2689,0.9697,0.1398
windows-cloning,mars5_cuda_p4.wav,mars5,cloning,4,1.3314,0.5000,0.1240
windows-cloning,miratts_cuda_p1.wav,miratts,cloning,1,3.9120,0.0000,0.4794
windows-cloning,miratts_cuda_p2.wav,miratts,cloning,2,3.9193,0.2105,0.5685
windows-cloning,miratts_cuda_p3.wav,miratts,cloning,3,3.5850,0.1818,0.4235
windows-cloning,miratts_cuda_p4.wav,miratts,cloning,4,3.4885,0.3333,0.5487
windows-cloning,miso_cuda_p1.wav,miso,cloning,1,3.5039,1.0000,0.3932
windows-cloning,miso_cuda_p2.wav,miso,cloning,2,4.0542,0.1579,0.0304
windows-cloning,miso_cuda_p3.wav,miso,cloning,3,3.8698,0.5455,0.6027
windows-cloning,miso_cuda_p4.wav,miso,cloning,4,4.0105,0.2222,0.7353
windows-cloning,moss_tts_cuda_p1.wav,moss_tts,cloning,1,3.7037,0.0000,0.6754
windows-cloning,moss_tts_cuda_p2.wav,moss_tts,cloning,2,4.2835,0.0000,0.7801
windows-cloning,moss_tts_cuda_p3.wav,moss_tts,cloning,3,4.3397,0.1515,0.8686
windows-cloning,moss_tts_cuda_p4.wav,moss_tts,cloning,4,4.2980,0.0000,0.8112
windows-cloning,moss_tts_cuda_p5.wav,moss_tts,cloning,5,3.6723,0.0000,0.5197
windows-cloning,moss_tts_nano_cpu_p1.wav,moss_tts_nano,cloning,1,3.9833,0.0000,0.5591
windows-cloning,moss_tts_nano_cpu_p2.wav,moss_tts_nano,cloning,2,4.1008,0.0000,0.7447
windows-cloning,moss_tts_nano_cpu_p3.wav,moss_tts_nano,cloning,3,4.0451,0.2121,0.7720
windows-cloning,moss_tts_nano_cpu_p4.wav,moss_tts_nano,cloning,4,4.0141,0.1111,0.7344
windows-cloning,moss_tts_nano_cpu_p5.wav,moss_tts_nano,cloning,5,3.1664,0.5333,0.3159
windows-cloning,moss_tts_nano_cuda_p1.wav,moss_tts_nano,cloning,1,4.3198,0.0000,0.6987
windows-cloning,moss_tts_nano_cuda_p2.wav,moss_tts_nano,cloning,2,3.7770,0.0000,0.6723
windows-cloning,moss_tts_nano_cuda_p3.wav,moss_tts_nano,cloning,3,4.1684,0.2121,0.7397
windows-cloning,moss_tts_nano_cuda_p4.wav,moss_tts_nano,cloning,4,3.9179,0.3889,0.7413
windows-cloning,moss_tts_nano_cuda_p5.wav,moss_tts_nano,cloning,5,3.5661,0.1333,0.3556
windows-cloning,moss_tts_v15_cuda_p1.wav,moss_tts_v15,cloning,1,3.8115,0.0000,0.5574
windows-cloning,moss_tts_v15_cuda_p2.wav,moss_tts_v15,cloning,2,4.3589,0.0000,0.8249
windows-cloning,moss_tts_v15_cuda_p3.wav,moss_tts_v15,cloning,3,4.3576,0.2424,0.8236
windows-cloning,moss_tts_v15_cuda_p4.wav,moss_tts_v15,cloning,4,4.3415,0.0556,0.8342
windows-cloning,moss_tts_v15_cuda_p5.wav,moss_tts_v15,cloning,5,3.3810,0.0000,0.4538
windows-cloning,neutts_air_cpu_p1.wav,neutts_air,cloning,1,3.2506,1.0000,0.2428
windows-cloning,neutts_air_cpu_p2.wav,neutts_air,cloning,2,4.0912,0.3684,0.4583
windows-cloning,neutts_air_cpu_p3.wav,neutts_air,cloning,3,3.9006,0.3030,0.4760
windows-cloning,neutts_air_cpu_p4.wav,neutts_air,cloning,4,3.5258,0.2778,0.4588
windows-cloning,neutts_air_cuda_p1.wav,neutts_air,cloning,1,3.0501,0.8571,0.1365
windows-cloning,neutts_air_cuda_p2.wav,neutts_air,cloning,2,3.8786,1.0000,0.1481
windows-cloning,neutts_air_cuda_p3.wav,neutts_air,cloning,3,3.7165,0.3636,0.4632
windows-cloning,neutts_air_cuda_p4.wav,neutts_air,cloning,4,3.3952,0.0556,0.4452
windows-cloning,neutts_nano_cpu_p1.wav,neutts_nano,cloning,1,2.1529,0.8571,0.0195
windows-cloning,neutts_nano_cpu_p2.wav,neutts_nano,cloning,2,4.1574,0.7895,0.3404
windows-cloning,neutts_nano_cpu_p3.wav,neutts_nano,cloning,3,3.9807,0.3030,0.2602
windows-cloning,neutts_nano_cpu_p4.wav,neutts_nano,cloning,4,3.9420,0.1111,0.1924
windows-cloning,neutts_nano_cpu_p5.wav,neutts_nano,cloning,5,2.6537,1.0000,0.0787
windows-cloning,neutts_nano_cuda_p1.wav,neutts_nano,cloning,1,2.2114,0.8571,0.0791
windows-cloning,neutts_nano_cuda_p2.wav,neutts_nano,cloning,2,4.2044,0.7368,0.1914
windows-cloning,neutts_nano_cuda_p3.wav,neutts_nano,cloning,3,3.7989,0.3333,0.3964
windows-cloning,neutts_nano_cuda_p4.wav,neutts_nano,cloning,4,4.1180,0.7222,0.3016
windows-cloning,neutts_nano_cuda_p5.wav,neutts_nano,cloning,5,2.8126,0.4000,0.1281
windows-cloning,omnivoice_cpu_p1.wav,omnivoice,cloning,1,3.8699,0.0000,0.7245
windows-cloning,omnivoice_cpu_p2.wav,omnivoice,cloning,2,4.1445,0.0000,0.8480
windows-cloning,omnivoice_cpu_p3.wav,omnivoice,cloning,3,4.2617,0.1818,0.8587
windows-cloning,omnivoice_cpu_p4.wav,omnivoice,cloning,4,3.9764,0.2222,0.8650
windows-cloning,omnivoice_cpu_p5.wav,omnivoice,cloning,5,3.1785,0.0667,0.5243
windows-cloning,omnivoice_cuda_p1.wav,omnivoice,cloning,1,3.9705,0.0000,0.6820
windows-cloning,omnivoice_cuda_p2.wav,omnivoice,cloning,2,4.0489,0.0000,0.8219
windows-cloning,omnivoice_cuda_p3.wav,omnivoice,cloning,3,4.2153,0.3939,0.8846
windows-cloning,omnivoice_cuda_p4.wav,omnivoice,cloning,4,4.2714,0.1667,0.8836
windows-cloning,omnivoice_cuda_p5.wav,omnivoice,cloning,5,3.7016,0.0667,0.4830
windows-cloning,openvoice_cpu_p1.wav,openvoice,cloning,1,3.9240,0.0000,0.1853
windows-cloning,openvoice_cpu_p2.wav,openvoice,cloning,2,4.2349,0.0526,0.2456
windows-cloning,openvoice_cpu_p3.wav,openvoice,cloning,3,4.1235,0.2727,0.3223
windows-cloning,openvoice_cpu_p4.wav,openvoice,cloning,4,4.2482,0.1111,0.2659
windows-cloning,openvoice_cpu_p5.wav,openvoice,cloning,5,3.3002,0.0000,0.0452
windows-cloning,openvoice_cuda_p1.wav,openvoice,cloning,1,4.0092,0.0000,0.3035
windows-cloning,openvoice_cuda_p2.wav,openvoice,cloning,2,4.2611,0.0526,0.2763
windows-cloning,openvoice_cuda_p3.wav,openvoice,cloning,3,4.1567,0.2121,0.2964
windows-cloning,openvoice_cuda_p4.wav,openvoice,cloning,4,4.2422,0.1111,0.2792
windows-cloning,openvoice_cuda_p5.wav,openvoice,cloning,5,3.5698,0.0000,0.0795
windows-cloning,outetts_cuda_p1.wav,outetts,cloning,1,3.5732,0.0000,0.3870
windows-cloning,outetts_cuda_p2.wav,outetts,cloning,2,3.5772,0.1579,0.5205
windows-cloning,outetts_cuda_p3.wav,outetts,cloning,3,3.6679,0.2121,0.6018
windows-cloning,outetts_cuda_p4.wav,outetts,cloning,4,3.8604,0.2222,0.5726
windows-cloning,outetts_cuda_p5.wav,outetts,cloning,5,3.3088,0.1333,0.2459
windows-cloning,pocket_cpu_p1.wav,pocket,cloning,1,4.2161,0.0000,0.6016
windows-cloning,pocket_cpu_p2.wav,pocket,cloning,2,4.2507,0.0000,0.6046
windows-cloning,pocket_cpu_p3.wav,pocket,cloning,3,4.1288,0.2121,0.6298
windows-cloning,pocket_cpu_p4.wav,pocket,cloning,4,4.1631,0.0556,0.6369
windows-cloning,pocket_cpu_p5.wav,pocket,cloning,5,3.6183,0.0667,0.2736
windows-cloning,qwentts_fast_cuda_p1.wav,qwentts_fast,cloning,1,4.1296,0.0000,0.6172
windows-cloning,qwentts_fast_cuda_p2.wav,qwentts_fast,cloning,2,4.2471,0.0000,0.7262
windows-cloning,qwentts_fast_cuda_p3.wav,qwentts_fast,cloning,3,4.3648,0.1515,0.8548
windows-cloning,qwentts_fast_cuda_p4.wav,qwentts_fast,cloning,4,3.5225,0.1667,0.6241
windows-cloning,qwentts_fast_cuda_p5.wav,qwentts_fast,cloning,5,3.4267,0.0667,0.3211
windows-cloning,sesame_cpu_p1.wav,sesame,cloning,1,3.9652,0.0000,0.6811
windows-cloning,sesame_cpu_p2.wav,sesame,cloning,2,4.2034,0.0000,0.7746
windows-cloning,sesame_cpu_p3.wav,sesame,cloning,3,4.1218,0.5152,0.7420
windows-cloning,sesame_cpu_p4.wav,sesame,cloning,4,4.0705,0.1111,0.7718
windows-cloning,sesame_cuda_p1.wav,sesame,cloning,1,3.9706,0.0000,0.7056
windows-cloning,sesame_cuda_p2.wav,sesame,cloning,2,4.1369,0.0000,0.7497
windows-cloning,sesame_cuda_p3.wav,sesame,cloning,3,4.3344,0.6061,0.7135
windows-cloning,sesame_cuda_p4.wav,sesame,cloning,4,4.3285,0.1111,0.8120
windows-cloning,styletts2_cpu_p1.wav,styletts2,cloning,1,4.4266,0.0000,0.2595
windows-cloning,styletts2_cpu_p2.wav,styletts2,cloning,2,4.4529,0.0000,0.3214
windows-cloning,styletts2_cpu_p3.wav,styletts2,cloning,3,4.0775,0.1818,0.3295
windows-cloning,styletts2_cpu_p4.wav,styletts2,cloning,4,4.3563,0.2778,0.2789
windows-cloning,styletts2_cuda_p1.wav,styletts2,cloning,1,4.4266,0.0000,0.2595
windows-cloning,styletts2_cuda_p2.wav,styletts2,cloning,2,4.4529,0.0000,0.3214
windows-cloning,styletts2_cuda_p3.wav,styletts2,cloning,3,4.0775,0.1818,0.3295
windows-cloning,styletts2_cuda_p4.wav,styletts2,cloning,4,4.3563,0.2778,0.2789
windows-cloning,vibevoice_7b_cuda_p1.wav,vibevoice_7b,cloning,1,3.7319,0.0000,0.5889
windows-cloning,vibevoice_7b_cuda_p2.wav,vibevoice_7b,cloning,2,4.1981,0.0000,0.7454
windows-cloning,vibevoice_7b_cuda_p3.wav,vibevoice_7b,cloning,3,4.2368,0.0909,0.8326
windows-cloning,vibevoice_7b_cuda_p4.wav,vibevoice_7b,cloning,4,3.6920,0.1111,0.5153
windows-cloning,voxcpm_cpu_p1.wav,voxcpm,cloning,1,3.9154,0.0000,0.6291
windows-cloning,voxcpm_cpu_p2.wav,voxcpm,cloning,2,4.2439,0.0000,0.6004
windows-cloning,voxcpm_cpu_p3.wav,voxcpm,cloning,3,4.1345,0.1515,0.5883
windows-cloning,voxcpm_cpu_p4.wav,voxcpm,cloning,4,3.7496,0.1111,0.7248
windows-cloning,voxcpm_cpu_p5.wav,voxcpm,cloning,5,2.9177,0.0000,0.4329
windows-cloning,voxcpm_cuda_p1.wav,voxcpm,cloning,1,3.2928,0.0000,0.3982
windows-cloning,voxcpm_cuda_p2.wav,voxcpm,cloning,2,4.3002,0.0000,0.5851
windows-cloning,voxcpm_cuda_p3.wav,voxcpm,cloning,3,3.9951,0.0909,0.5838
windows-cloning,voxcpm_cuda_p4.wav,voxcpm,cloning,4,3.5112,0.1111,0.6665
windows-cloning,voxcpm_cuda_p5.wav,voxcpm,cloning,5,2.8793,0.0000,0.4318
windows-cloning,zipvoice_cpu_p1.wav,zipvoice,cloning,1,4.1595,0.0000,0.5561
windows-cloning,zipvoice_cpu_p2.wav,zipvoice,cloning,2,4.4216,0.0000,0.5353
windows-cloning,zipvoice_cpu_p3.wav,zipvoice,cloning,3,3.9904,0.1212,0.6042
windows-cloning,zipvoice_cpu_p4.wav,zipvoice,cloning,4,4.3837,0.1111,0.5770
windows-cloning,zipvoice_cpu_p5.wav,zipvoice,cloning,5,4.3180,0.0000,0.3813
windows-cloning,zipvoice_cuda_p1.wav,zipvoice,cloning,1,4.1901,0.0000,0.4361
windows-cloning,zipvoice_cuda_p2.wav,zipvoice,cloning,2,4.2122,0.0526,0.6229
windows-cloning,zipvoice_cuda_p4.wav,zipvoice,cloning,4,4.3393,0.1111,0.4603
windows-cloning,zipvoice_cuda_p5.wav,zipvoice,cloning,5,4.0216,0.0667,0.3354
windows-cloning,zonos_cpu_p1.wav,zonos,cloning,1,3.8145,0.2857,0.6352
windows-cloning,zonos_cpu_p2.wav,zonos,cloning,2,3.7649,0.0526,0.7858
windows-cloning,zonos_cpu_p3.wav,zonos,cloning,3,4.2231,0.2121,0.7136
windows-cloning,zonos_cpu_p4.wav,zonos,cloning,4,4.1836,0.1111,0.7952
windows-cloning,zonos_cpu_p5.wav,zonos,cloning,5,3.1450,0.0667,0.5107
windows-cloning,zonos_cuda_p1.wav,zonos,cloning,1,4.2073,0.0000,0.6429
windows-cloning,zonos_cuda_p2.wav,zonos,cloning,2,4.1104,0.0000,0.7278
windows-cloning,zonos_cuda_p3.wav,zonos,cloning,3,4.2565,0.2121,0.7383
windows-cloning,zonos_cuda_p4.wav,zonos,cloning,4,4.1103,0.1111,0.7666
windows-cloning,zonos_cuda_p5.wav,zonos,cloning,5,3.1814,0.0667,0.4108
windows-default,chatterbox_cpu_p1.wav,chatterbox,default,1,4.3991,0.0000,
windows-default,chatterbox_cpu_p2.wav,chatterbox,default,2,4.4254,0.0000,
windows-default,chatterbox_cpu_p3.wav,chatterbox,default,3,4.4799,0.1818,
windows-default,chatterbox_cpu_p4.wav,chatterbox,default,4,4.4153,0.0556,
windows-default,chatterbox_cuda_p1.wav,chatterbox,default,1,4.4303,0.0000,
windows-default,chatterbox_cuda_p2.wav,chatterbox,default,2,4.3600,0.0000,
windows-default,chatterbox_cuda_p3.wav,chatterbox,default,3,4.4645,0.2424,
windows-default,chatterbox_cuda_p4.wav,chatterbox,default,4,4.4358,0.0000,
windows-default,chatterbox_turbo_cpu_p1.wav,chatterbox_turbo,default,1,4.3785,0.0000,
windows-default,chatterbox_turbo_cpu_p2.wav,chatterbox_turbo,default,2,4.4493,0.0000,
windows-default,chatterbox_turbo_cpu_p3.wav,chatterbox_turbo,default,3,4.3210,0.1515,
windows-default,chatterbox_turbo_cpu_p4.wav,chatterbox_turbo,default,4,4.4523,0.1111,
windows-default,chatterbox_turbo_cuda_p1.wav,chatterbox_turbo,default,1,4.2134,0.0000,
windows-default,chatterbox_turbo_cuda_p2.wav,chatterbox_turbo,default,2,4.3281,0.0000,
windows-default,chatterbox_turbo_cuda_p3.wav,chatterbox_turbo,default,3,4.3553,0.2424,
windows-default,chatterbox_turbo_cuda_p4.wav,chatterbox_turbo,default,4,4.1979,0.0556,
windows-default,coqui_cpu_p1.wav,coqui,default,1,3.9342,0.1429,
windows-default,coqui_cpu_p2.wav,coqui,default,2,4.4401,0.0000,
windows-default,coqui_cpu_p3.wav,coqui,default,3,3.9524,0.1515,
windows-default,coqui_cpu_p4.wav,coqui,default,4,3.9945,0.1667,
windows-default,coqui_cpu_p5.wav,coqui,default,5,3.2804,0.0000,
windows-default,coqui_cuda_p1.wav,coqui,default,1,4.2006,0.0000,
windows-default,coqui_cuda_p2.wav,coqui,default,2,3.9615,0.0000,
windows-default,coqui_cuda_p3.wav,coqui,default,3,4.2610,0.2121,
windows-default,coqui_cuda_p4.wav,coqui,default,4,4.3879,0.1111,
windows-default,coqui_cuda_p5.wav,coqui,default,5,3.4715,0.0000,
windows-default,dia_cuda_p1.wav,dia,default,1,1.3432,0.0000,
windows-default,dia_cuda_p2.wav,dia,default,2,1.2464,1.0000,
windows-default,dia_cuda_p3.wav,dia,default,3,3.7070,0.2121,
windows-default,dia_cuda_p4.wav,dia,default,4,3.2502,0.0556,
windows-default,dramabox_cuda_p1.wav,dramabox,default,1,4.1833,0.0000,
windows-default,dramabox_cuda_p2.wav,dramabox,default,2,4.4607,0.0000,
windows-default,dramabox_cuda_p3.wav,dramabox,default,3,4.2665,0.1515,
windows-default,dramabox_cuda_p4.wav,dramabox,default,4,4.3046,0.2222,
windows-default,echo_cuda_p1.wav,echo,default,1,4.0260,0.0000,
windows-default,echo_cuda_p2.wav,echo,default,2,4.3372,0.0000,
windows-default,echo_cuda_p3.wav,echo,default,3,4.3446,0.2424,
windows-default,echo_cuda_p4.wav,echo,default,4,4.1600,0.0556,
windows-default,f5tts_cpu_p1.wav,f5tts,default,1,4.1392,0.0000,
windows-default,f5tts_cpu_p2.wav,f5tts,default,2,3.7846,0.0000,
windows-default,f5tts_cpu_p3.wav,f5tts,default,3,3.9808,0.2424,
windows-default,f5tts_cpu_p4.wav,f5tts,default,4,4.2272,0.1667,
windows-default,f5tts_cuda_p1.wav,f5tts,default,1,4.0329,0.0000,
windows-default,f5tts_cuda_p2.wav,f5tts,default,2,3.9310,0.1053,
windows-default,f5tts_cuda_p3.wav,f5tts,default,3,3.9902,0.2121,
windows-default,f5tts_cuda_p4.wav,f5tts,default,4,4.3717,0.1111,
windows-default,fish_15_cpu_p1.wav,fish_15,default,1,3.5179,0.0000,
windows-default,fish_15_cpu_p2.wav,fish_15,default,2,4.0504,0.0000,
windows-default,fish_15_cpu_p3.wav,fish_15,default,3,3.9536,0.1515,
windows-default,fish_15_cpu_p4.wav,fish_15,default,4,3.6164,0.1111,
windows-default,fish_15_cpu_p5.wav,fish_15,default,5,3.2317,0.0000,
windows-default,fish_15_cuda_p1.wav,fish_15,default,1,3.8974,0.0000,
windows-default,fish_15_cuda_p2.wav,fish_15,default,2,4.1019,0.0000,
windows-default,fish_15_cuda_p3.wav,fish_15,default,3,3.7329,0.2727,
windows-default,fish_15_cuda_p4.wav,fish_15,default,4,3.8466,0.1667,
windows-default,fish_15_cuda_p5.wav,fish_15,default,5,3.0762,0.0000,
windows-default,indextts_cpu_p1.wav,indextts,default,1,4.3433,0.0000,
windows-default,indextts_cpu_p2.wav,indextts,default,2,4.1076,0.0000,
windows-default,indextts_cpu_p3.wav,indextts,default,3,3.5381,0.1818,
windows-default,indextts_cpu_p4.wav,indextts,default,4,4.4249,0.1667,
windows-default,indextts_cuda_p1.wav,indextts,default,1,4.4041,0.0000,
windows-default,indextts_cuda_p2.wav,indextts,default,2,4.3561,0.0526,
windows-default,indextts_cuda_p3.wav,indextts,default,3,3.9358,0.1818,
windows-default,indextts_cuda_p4.wav,indextts,default,4,4.3334,0.1111,
windows-default,kittentts_cpu_p1.wav,kittentts,default,1,3.4333,0.0000,
windows-default,kittentts_cpu_p2.wav,kittentts,default,2,3.5311,0.0000,
windows-default,kittentts_cpu_p3.wav,kittentts,default,3,4.0624,0.1515,
windows-default,kittentts_cpu_p4.wav,kittentts,default,4,3.6348,0.2222,
windows-default,kokoro_cpu_p1.wav,kokoro,default,1,4.4262,0.0000,
windows-default,kokoro_cpu_p2.wav,kokoro,default,2,4.5185,0.0000,
windows-default,kokoro_cpu_p3.wav,kokoro,default,3,4.5425,0.2121,
windows-default,kokoro_cpu_p4.wav,kokoro,default,4,4.5290,0.1111,
windows-default,kokoro_cpu_p5.wav,kokoro,default,5,3.4551,0.0000,
windows-default,kokoro_cuda_p1.wav,kokoro,default,1,4.4343,0.0000,
windows-default,kokoro_cuda_p2.wav,kokoro,default,2,4.5195,0.0000,
windows-default,kokoro_cuda_p3.wav,kokoro,default,3,4.5437,0.2121,
windows-default,kokoro_cuda_p4.wav,kokoro,default,4,4.5276,0.1111,
windows-default,kokoro_cuda_p5.wav,kokoro,default,5,3.4828,0.0000,
windows-default,magpie_cpu_p1.wav,magpie,default,1,4.3343,0.1429,
windows-default,magpie_cpu_p2.wav,magpie,default,2,4.0696,0.0000,
windows-default,magpie_cpu_p3.wav,magpie,default,3,4.4359,0.1818,
windows-default,magpie_cpu_p4.wav,magpie,default,4,4.4172,0.0556,
windows-default,magpie_cpu_p5.wav,magpie,default,5,3.5322,0.0000,
windows-default,magpie_cuda_p1.wav,magpie,default,1,4.1984,0.1429,
windows-default,magpie_cuda_p2.wav,magpie,default,2,4.4392,0.0000,
windows-default,magpie_cuda_p3.wav,magpie,default,3,4.4430,0.1818,
windows-default,magpie_cuda_p4.wav,magpie,default,4,4.4154,0.1111,
windows-default,magpie_cuda_p5.wav,magpie,default,5,3.4997,0.0000,
windows-default,mars5_cpu_p1.wav,mars5,default,1,3.6260,0.0000,
windows-default,mars5_cpu_p2.wav,mars5,default,2,4.2295,0.1053,
windows-default,mars5_cpu_p3.wav,mars5,default,3,1.5302,0.4545,
windows-default,mars5_cpu_p4.wav,mars5,default,4,4.1520,0.3889,
windows-default,mars5_cuda_p1.wav,mars5,default,1,4.0405,0.0000,
windows-default,mars5_cuda_p2.wav,mars5,default,2,4.3182,0.1053,
windows-default,mars5_cuda_p3.wav,mars5,default,3,1.5160,0.7273,
windows-default,mars5_cuda_p4.wav,mars5,default,4,4.2861,0.6111,
windows-default,maya1_cpu_p1.wav,maya1,default,1,4.3133,0.0000,
windows-default,maya1_cpu_p2.wav,maya1,default,2,4.5033,0.0000,
windows-default,maya1_cpu_p3.wav,maya1,default,3,4.4910,0.1212,
windows-default,maya1_cuda_p1.wav,maya1,default,1,4.4460,0.0000,
windows-default,maya1_cuda_p2.wav,maya1,default,2,4.4966,0.0000,
windows-default,maya1_cuda_p3.wav,maya1,default,3,4.5387,0.1515,
windows-default,maya1_cuda_p4.wav,maya1,default,4,4.4677,0.1111,
windows-default,melotts_cpu_p1.wav,melotts,default,1,3.6093,0.0000,
windows-default,melotts_cpu_p2.wav,melotts,default,2,3.8109,0.0526,
windows-default,melotts_cpu_p3.wav,melotts,default,3,3.7709,0.2121,
windows-default,melotts_cpu_p4.wav,melotts,default,4,3.4441,0.0556,
windows-default,melotts_cuda_p1.wav,melotts,default,1,3.2643,0.0000,
windows-default,melotts_cuda_p2.wav,melotts,default,2,3.6601,0.0526,
windows-default,melotts_cuda_p3.wav,melotts,default,3,3.8348,0.1818,
windows-default,melotts_cuda_p4.wav,melotts,default,4,3.5570,0.0556,
windows-default,miso_cuda_p1.wav,miso,default,1,4.1888,0.0000,
windows-default,miso_cuda_p2.wav,miso,default,2,4.3886,0.2632,
windows-default,miso_cuda_p3.wav,miso,default,3,4.2663,0.9697,
windows-default,miso_cuda_p4.wav,miso,default,4,4.0844,1.1111,
windows-default,moss_tts_cuda_p1.wav,moss_tts,default,1,4.0522,0.0000,
windows-default,moss_tts_cuda_p2.wav,moss_tts,default,2,4.4036,0.0000,
windows-default,moss_tts_cuda_p3.wav,moss_tts,default,3,4.2900,0.1515,
windows-default,moss_tts_cuda_p4.wav,moss_tts,default,4,4.3557,0.1111,
windows-default,moss_tts_cuda_p5.wav,moss_tts,default,5,3.5371,0.0000,
windows-default,moss_tts_nano_cpu_p1.wav,moss_tts_nano,default,1,3.8922,0.0000,
windows-default,moss_tts_nano_cpu_p2.wav,moss_tts_nano,default,2,3.8869,0.1579,
windows-default,moss_tts_nano_cpu_p3.wav,moss_tts_nano,default,3,4.2689,0.1515,
windows-default,moss_tts_nano_cpu_p4.wav,moss_tts_nano,default,4,3.8357,0.1667,
windows-default,moss_tts_nano_cpu_p5.wav,moss_tts_nano,default,5,3.1889,0.2667,
windows-default,moss_tts_nano_cuda_p1.wav,moss_tts_nano,default,1,4.2567,0.0000,
windows-default,moss_tts_nano_cuda_p2.wav,moss_tts_nano,default,2,4.2461,0.0000,
windows-default,moss_tts_nano_cuda_p3.wav,moss_tts_nano,default,3,4.0631,0.1515,
windows-default,moss_tts_nano_cuda_p4.wav,moss_tts_nano,default,4,4.1041,0.3333,
windows-default,moss_tts_nano_cuda_p5.wav,moss_tts_nano,default,5,3.2871,0.2000,
windows-default,moss_tts_v15_cuda_p1.wav,moss_tts_v15,default,1,3.6445,0.0000,
windows-default,moss_tts_v15_cuda_p2.wav,moss_tts_v15,default,2,4.3727,0.0000,
windows-default,moss_tts_v15_cuda_p3.wav,moss_tts_v15,default,3,4.2712,0.1515,
windows-default,moss_tts_v15_cuda_p4.wav,moss_tts_v15,default,4,4.1389,0.0556,
windows-default,moss_tts_v15_cuda_p5.wav,moss_tts_v15,default,5,3.8838,0.0000,
windows-default,neutts_air_cpu_p1.wav,neutts_air,default,1,4.0317,0.0000,
windows-default,neutts_air_cpu_p2.wav,neutts_air,default,2,4.1094,0.0000,
windows-default,neutts_air_cpu_p3.wav,neutts_air,default,3,3.8623,0.1212,
windows-default,neutts_air_cpu_p4.wav,neutts_air,default,4,4.2010,0.1667,
windows-default,neutts_air_cuda_p1.wav,neutts_air,default,1,4.1948,0.0000,
windows-default,neutts_air_cuda_p2.wav,neutts_air,default,2,4.1645,0.0526,
windows-default,neutts_air_cuda_p3.wav,neutts_air,default,3,3.8982,0.3030,
windows-default,neutts_air_cuda_p4.wav,neutts_air,default,4,3.7555,0.1111,
windows-default,neutts_nano_cpu_p1.wav,neutts_nano,default,1,4.0853,0.0000,
windows-default,neutts_nano_cpu_p2.wav,neutts_nano,default,2,3.6754,0.0526,
windows-default,neutts_nano_cpu_p3.wav,neutts_nano,default,3,3.6881,0.1818,
windows-default,neutts_nano_cpu_p4.wav,neutts_nano,default,4,4.1002,0.1111,
windows-default,neutts_nano_cpu_p5.wav,neutts_nano,default,5,3.0598,0.0000,
windows-default,neutts_nano_cuda_p1.wav,neutts_nano,default,1,3.2444,0.0000,
windows-default,neutts_nano_cuda_p2.wav,neutts_nano,default,2,4.2438,0.0000,
windows-default,neutts_nano_cuda_p3.wav,neutts_nano,default,3,3.8455,0.2727,
windows-default,neutts_nano_cuda_p4.wav,neutts_nano,default,4,3.6245,0.0556,
windows-default,neutts_nano_cuda_p5.wav,neutts_nano,default,5,2.9036,0.0000,
windows-default,omnivoice_cpu_p1.wav,omnivoice,default,1,4.2665,0.0000,
windows-default,omnivoice_cpu_p2.wav,omnivoice,default,2,3.7959,0.0000,
windows-default,omnivoice_cpu_p3.wav,omnivoice,default,3,4.3100,0.0606,
windows-default,omnivoice_cpu_p4.wav,omnivoice,default,4,3.7792,0.1667,
windows-default,omnivoice_cpu_p5.wav,omnivoice,default,5,3.6710,0.0000,
windows-default,omnivoice_cuda_p1.wav,omnivoice,default,1,4.1590,0.0000,
windows-default,omnivoice_cuda_p2.wav,omnivoice,default,2,4.3325,0.0000,
windows-default,omnivoice_cuda_p3.wav,omnivoice,default,3,4.4252,0.0909,
windows-default,omnivoice_cuda_p4.wav,omnivoice,default,4,4.1952,0.1111,
windows-default,omnivoice_cuda_p5.wav,omnivoice,default,5,3.4060,0.0000,
windows-default,openvoice_cpu_p1.wav,openvoice,default,1,3.8167,0.2857,
windows-default,openvoice_cpu_p2.wav,openvoice,default,2,4.2348,0.0526,
windows-default,openvoice_cpu_p3.wav,openvoice,default,3,3.9982,0.2121,
windows-default,openvoice_cpu_p4.wav,openvoice,default,4,3.9432,0.0556,
windows-default,openvoice_cpu_p5.wav,openvoice,default,5,3.5392,0.0000,
windows-default,openvoice_cuda_p1.wav,openvoice,default,1,3.9155,0.1429,
windows-default,openvoice_cuda_p2.wav,openvoice,default,2,4.3030,0.0526,
windows-default,openvoice_cuda_p3.wav,openvoice,default,3,3.7754,0.2727,
windows-default,openvoice_cuda_p4.wav,openvoice,default,4,4.2672,0.1111,
windows-default,openvoice_cuda_p5.wav,openvoice,default,5,3.3230,0.0000,
windows-default,outetts_cuda_p1.wav,outetts,default,1,4.4420,0.0000,
windows-default,outetts_cuda_p2.wav,outetts,default,2,4.4300,0.0000,
windows-default,outetts_cuda_p3.wav,outetts,default,3,4.4784,0.1818,
windows-default,outetts_cuda_p4.wav,outetts,default,4,4.4544,0.1667,
windows-default,outetts_cuda_p5.wav,outetts,default,5,4.1234,0.0000,
windows-default,parler_cpu_p1.wav,parler,default,1,3.5440,0.0000,
windows-default,parler_cpu_p2.wav,parler,default,2,3.5356,0.0526,
windows-default,parler_cpu_p3.wav,parler,default,3,3.0563,0.3939,
windows-default,parler_cpu_p4.wav,parler,default,4,4.0642,0.1667,
windows-default,parler_cuda_p1.wav,parler,default,1,3.6265,0.0000,
windows-default,parler_cuda_p2.wav,parler,default,2,4.0844,0.0000,
windows-default,parler_cuda_p3.wav,parler,default,3,3.1357,0.4848,
windows-default,parler_cuda_p4.wav,parler,default,4,4.1795,0.1111,
windows-default,piper_cpu_p1.wav,piper,default,1,4.3081,0.0000,
windows-default,piper_cpu_p2.wav,piper,default,2,4.4304,0.0000,
windows-default,piper_cpu_p3.wav,piper,default,3,4.0178,0.1515,
windows-default,piper_cpu_p4.wav,piper,default,4,4.4287,0.1111,
windows-default,piper_cpu_p5.wav,piper,default,5,3.1987,0.0667,
windows-default,pocket_cpu_p1.wav,pocket,default,1,4.3029,0.0000,
windows-default,pocket_cpu_p2.wav,pocket,default,2,4.3444,0.0000,
windows-default,pocket_cpu_p3.wav,pocket,default,3,4.3819,0.2121,
windows-default,pocket_cpu_p4.wav,pocket,default,4,4.3522,0.0556,
windows-default,pocket_cpu_p5.wav,pocket,default,5,3.1051,0.0000,
windows-default,qwentts_cpu_p1.wav,qwentts,default,1,4.2892,0.0000,
windows-default,qwentts_cpu_p2.wav,qwentts,default,2,4.4653,0.0000,
windows-default,qwentts_cpu_p3.wav,qwentts,default,3,4.5469,0.1515,
windows-default,qwentts_cpu_p4.wav,qwentts,default,4,4.5051,0.1111,
windows-default,qwentts_cpu_p5.wav,qwentts,default,5,3.6116,0.0000,
windows-default,qwentts_cuda_p1.wav,qwentts,default,1,4.3993,0.0000,
windows-default,qwentts_cuda_p2.wav,qwentts,default,2,4.4691,0.1053,
windows-default,qwentts_cuda_p3.wav,qwentts,default,3,4.5345,0.1515,
windows-default,qwentts_cuda_p4.wav,qwentts,default,4,4.4779,0.2222,
windows-default,qwentts_cuda_p5.wav,qwentts,default,5,3.4983,0.0000,
windows-default,qwentts_fast_cuda_p1.wav,qwentts_fast,default,1,4.4449,0.0000,
windows-default,qwentts_fast_cuda_p2.wav,qwentts_fast,default,2,4.4647,0.0000,
windows-default,qwentts_fast_cuda_p3.wav,qwentts_fast,default,3,4.5115,0.2121,
windows-default,qwentts_fast_cuda_p4.wav,qwentts_fast,default,4,4.4866,0.1111,
windows-default,qwentts_fast_cuda_p5.wav,qwentts_fast,default,5,3.7069,0.0000,
windows-default,sesame_cpu_p1.wav,sesame,default,1,3.2969,0.0000,
windows-default,sesame_cpu_p2.wav,sesame,default,2,3.9089,0.1053,
windows-default,sesame_cpu_p3.wav,sesame,default,3,4.1527,0.5152,
windows-default,sesame_cpu_p4.wav,sesame,default,4,3.9826,0.0556,
windows-default,sesame_cuda_p1.wav,sesame,default,1,3.5943,0.0000,
windows-default,sesame_cuda_p2.wav,sesame,default,2,4.2777,0.0000,
windows-default,sesame_cuda_p3.wav,sesame,default,3,4.4691,0.4545,
windows-default,sesame_cuda_p4.wav,sesame,default,4,4.2681,0.0000,
windows-default,soprano_cpu_p1.wav,soprano,default,1,4.2370,0.0000,
windows-default,soprano_cpu_p2.wav,soprano,default,2,4.2412,0.0000,
windows-default,soprano_cpu_p3.wav,soprano,default,3,3.8960,0.1515,
windows-default,soprano_cpu_p4.wav,soprano,default,4,3.7573,0.0556,
windows-default,soprano_cuda_p1.wav,soprano,default,1,4.2622,0.0000,
windows-default,soprano_cuda_p2.wav,soprano,default,2,4.0723,0.0000,
windows-default,soprano_cuda_p3.wav,soprano,default,3,4.2400,0.1818,
windows-default,soprano_cuda_p4.wav,soprano,default,4,3.8886,0.0556,
windows-default,styletts2_cpu_p1.wav,styletts2,default,1,4.3103,0.0000,
windows-default,styletts2_cpu_p2.wav,styletts2,default,2,4.4454,0.0000,
windows-default,styletts2_cpu_p3.wav,styletts2,default,3,4.3995,0.2424,
windows-default,styletts2_cpu_p4.wav,styletts2,default,4,3.8799,0.3889,
windows-default,styletts2_cuda_p1.wav,styletts2,default,1,4.3103,0.0000,
windows-default,styletts2_cuda_p2.wav,styletts2,default,2,4.4454,0.0000,
windows-default,styletts2_cuda_p3.wav,styletts2,default,3,4.3995,0.2424,
windows-default,styletts2_cuda_p4.wav,styletts2,default,4,3.8799,0.3889,
windows-default,supertonic_cpu_p1.wav,supertonic,default,1,4.0118,0.0000,
windows-default,supertonic_cpu_p2.wav,supertonic,default,2,4.4696,0.0000,
windows-default,supertonic_cpu_p3.wav,supertonic,default,3,4.5360,0.2121,
windows-default,supertonic_cpu_p4.wav,supertonic,default,4,4.4653,0.1111,
windows-default,supertonic_cpu_p5.wav,supertonic,default,5,3.4946,0.0000,
windows-default,vibevoice_15b_cpu_p1.wav,vibevoice_15b,default,1,3.2559,0.1429,0.5165
windows-default,vibevoice_15b_cpu_p2.wav,vibevoice_15b,default,2,3.2698,0.1053,0.4959
windows-default,vibevoice_15b_cpu_p3.wav,vibevoice_15b,default,3,4.3441,0.2424,0.7540
windows-default,vibevoice_15b_cpu_p4.wav,vibevoice_15b,default,4,3.9584,0.1111,0.7379
windows-default,vibevoice_15b_cuda_p1.wav,vibevoice_15b,default,1,3.4848,0.0000,0.6158
windows-default,vibevoice_15b_cuda_p2.wav,vibevoice_15b,default,2,3.8213,0.0526,0.7308
windows-default,vibevoice_15b_cuda_p3.wav,vibevoice_15b,default,3,4.0373,0.2121,0.7860
windows-default,vibevoice_15b_cuda_p4.wav,vibevoice_15b,default,4,3.8655,0.1111,0.6878
windows-default,vibevoice_7b_cuda_p1.wav,vibevoice_7b,default,1,4.0275,0.0000,
windows-default,vibevoice_7b_cuda_p2.wav,vibevoice_7b,default,2,4.3078,0.0526,
windows-default,vibevoice_7b_cuda_p3.wav,vibevoice_7b,default,3,4.3067,0.2424,
windows-default,vibevoice_7b_cuda_p4.wav,vibevoice_7b,default,4,4.1664,0.1111,
windows-default,vibevoice_cpu_p1.wav,vibevoice,default,1,4.2549,0.0000,
windows-default,vibevoice_cpu_p2.wav,vibevoice,default,2,4.3411,0.0000,
windows-default,vibevoice_cpu_p3.wav,vibevoice,default,3,4.2074,0.2121,
windows-default,vibevoice_cpu_p4.wav,vibevoice,default,4,3.8758,0.1111,
windows-default,vibevoice_cuda_p1.wav,vibevoice,default,1,4.0675,0.0000,
windows-default,vibevoice_cuda_p2.wav,vibevoice,default,2,3.8161,0.0000,
windows-default,vibevoice_cuda_p3.wav,vibevoice,default,3,4.2323,0.0909,
windows-default,vibevoice_cuda_p4.wav,vibevoice,default,4,4.0566,0.5000,
windows-default,voxcpm_cpu_p1.wav,voxcpm,default,1,3.7556,0.0000,
windows-default,voxcpm_cpu_p2.wav,voxcpm,default,2,3.4915,0.0000,
windows-default,voxcpm_cpu_p3.wav,voxcpm,default,3,4.2411,0.0606,
windows-default,voxcpm_cpu_p4.wav,voxcpm,default,4,2.9637,0.1667,
windows-default,voxcpm_cpu_p5.wav,voxcpm,default,5,3.0810,0.0000,
windows-default,voxcpm_cuda_p1.wav,voxcpm,default,1,3.9930,0.0000,
windows-default,voxcpm_cuda_p2.wav,voxcpm,default,2,3.3981,0.0000,
windows-default,voxcpm_cuda_p3.wav,voxcpm,default,3,4.0946,0.0606,
windows-default,voxcpm_cuda_p4.wav,voxcpm,default,4,3.4508,0.0556,
windows-default,voxcpm_cuda_p5.wav,voxcpm,default,5,2.4614,0.0000,
windows-default,zipvoice_cpu_p1.wav,zipvoice,default,1,3.2602,0.0000,
windows-default,zipvoice_cpu_p3.wav,zipvoice,default,3,3.9826,0.2727,
windows-default,zipvoice_cpu_p4.wav,zipvoice,default,4,4.3625,0.1111,
windows-default,zipvoice_cpu_p5.wav,zipvoice,default,5,4.2238,0.0667,
windows-default,zipvoice_cuda_p1.wav,zipvoice,default,1,4.1521,0.0000,
windows-default,zipvoice_cuda_p2.wav,zipvoice,default,2,4.1514,0.0000,
windows-default,zipvoice_cuda_p4.wav,zipvoice,default,4,3.8037,0.1111,
windows-default,zipvoice_cuda_p5.wav,zipvoice,default,5,3.7465,0.0000,
windows-default,zonos_cpu_p1.wav,zonos,default,1,3.8127,0.2857,
windows-default,zonos_cpu_p2.wav,zonos,default,2,3.8997,0.0000,
windows-default,zonos_cpu_p3.wav,zonos,default,3,3.6666,0.2727,
windows-default,zonos_cpu_p4.wav,zonos,default,4,4.1853,0.1667,
windows-default,zonos_cpu_p5.wav,zonos,default,5,3.6228,0.0000,
windows-default,zonos_cuda_p1.wav,zonos,default,1,4.1109,0.0000,
windows-default,zonos_cuda_p2.wav,zonos,default,2,4.0492,0.4737,
windows-default,zonos_cuda_p3.wav,zonos,default,3,4.2923,0.1515,
windows-default,zonos_cuda_p4.wav,zonos,default,4,4.0534,0.1111,
windows-default,zonos_cuda_p5.wav,zonos,default,5,3.5673,0.0000,
