prompt_id,model,device,variant,can_clone,run_index,is_cold,ttfa_ms,gen_s,audio_s,rtf,peak_mem_mb,peak_vram_mb,wall_s,ok,error
1,pocket,cpu,,gated,0,True,87.4,0.583,2.64,4.53,778.2,,5.01,True,
1,pocket,cpu,,gated,1,False,84.0,0.5414,2.4,4.43,941.8,,0,True,
1,pocket,cpu,,gated,2,False,86.2,0.5803,2.56,4.41,941.8,,0,True,
1,neutts_air,cpu,air,True,0,True,1582.3,3.4989,3.28,0.94,6156.7,,32.143,True,
1,neutts_air,cpu,air,True,1,False,554.9,2.3983,3.12,1.3,6163.1,,0,True,
1,neutts_air,cpu,air,True,2,False,536.1,1.8797,2.52,1.34,6163.1,,0,True,
1,neutts_air,cuda,air,True,0,True,1502.4,2.569,2.5,0.97,3969.3,3331.3,14.88,True,
1,neutts_air,cuda,air,True,1,False,506.5,1.6533,2.6,1.57,3979.3,3331.3,0,True,
1,neutts_air,cuda,air,True,2,False,464.6,1.1821,1.88,1.59,3979.4,3331.3,0,True,
1,neutts_nano,cpu,nano,True,0,True,999.8,1.6031,1.86,1.16,5746.6,,18.701,True,
1,neutts_nano,cpu,nano,True,1,False,383.4,0.9518,1.74,1.83,5756.5,,0,True,
1,neutts_nano,cpu,nano,True,2,False,399.6,0.9595,1.72,1.79,5756.8,,0,True,
1,neutts_nano,cuda,nano,True,0,True,925.5,1.3163,1.88,1.43,2696.4,3331.3,12.193,True,
1,neutts_nano,cuda,nano,True,1,False,317.6,0.6783,1.78,2.62,2724.7,3331.3,0,True,
1,neutts_nano,cuda,nano,True,2,False,311.6,0.7201,1.94,2.69,2738.2,3331.3,0,True,
1,chatterbox,cpu,,True,0,True,6466.3,6.4663,2.0,0.31,4080.8,,29.124,True,
1,chatterbox,cpu,,True,1,False,6161.9,6.1619,1.96,0.32,4094.6,,0,True,
1,chatterbox,cpu,,True,2,False,5880.3,5.8803,1.84,0.31,4095.2,,0,True,
1,chatterbox,cuda,,True,0,True,1389.3,1.3893,1.8,1.3,2055.2,3153.1,14.687,True,
1,chatterbox,cuda,,True,1,False,1046.1,1.0461,1.84,1.76,2089.4,3159.6,0,True,
1,chatterbox,cuda,,True,2,False,1081.3,1.0813,1.92,1.78,2090.9,3160.6,0,True,
1,chatterbox_turbo,cpu,turbo,True,0,True,4103.7,4.1037,2.4,0.58,3741.5,,21.534,True,
1,chatterbox_turbo,cpu,turbo,True,1,False,3830.5,3.8305,2.36,0.62,3761.8,,0,True,
1,chatterbox_turbo,cpu,turbo,True,2,False,3751.7,3.7517,2.32,0.62,3765.3,,0,True,
1,chatterbox_turbo,cuda,turbo,True,0,True,923.6,0.9236,2.48,2.69,2139.8,2816.7,12.557,True,
1,chatterbox_turbo,cuda,turbo,True,1,False,509.6,0.5096,2.16,4.24,2179.4,2824.4,0,True,
1,chatterbox_turbo,cuda,turbo,True,2,False,533.0,0.533,2.32,4.35,2188.6,2824.4,0,True,
1,f5tts,cpu,,True,0,True,39632.8,39.6328,1.397,0.04,2644.7,,155.592,True,
1,f5tts,cpu,,True,1,False,39719.4,39.7194,1.397,0.04,2898.4,,0,True,
1,f5tts,cpu,,True,2,False,38099.7,38.0997,1.397,0.04,2865.4,,0,True,
1,f5tts,cuda,,True,0,True,1770.2,1.7702,1.397,0.79,2319.8,765.2,12.339,True,
1,f5tts,cuda,,True,1,False,1146.2,1.1462,1.397,1.22,2419.5,765.2,0,True,
1,f5tts,cuda,,True,2,False,1065.6,1.0656,1.397,1.31,2426.9,765.2,0,True,
1,coqui,cpu,,True,0,True,3040.3,3.0403,2.689,0.88,2952.8,,24.174,True,
1,coqui,cpu,,True,1,False,3482.6,3.4826,3.009,0.86,2998.1,,0,True,
1,coqui,cpu,,True,2,False,2652.9,2.6529,2.454,0.93,2998.7,,0,True,
1,coqui,cuda,,True,0,True,818.4,0.8184,3.105,3.79,2119.8,1889.7,16.606,True,
1,coqui,cuda,,True,1,False,595.1,0.5951,3.009,5.06,2146.8,1888.3,0,True,
1,coqui,cuda,,True,2,False,519.1,0.5191,2.785,5.36,2146.8,1883.3,0,True,
1,omnivoice,cpu,,True,0,True,8461.1,8.4611,2.28,0.27,2887.8,,29.493,True,
1,omnivoice,cpu,,True,1,False,7734.4,7.7344,2.28,0.29,3005.2,,0,True,
1,omnivoice,cpu,,True,2,False,7728.4,7.7284,2.28,0.3,3029.0,,0,True,
1,omnivoice,cuda,,True,0,True,1244.5,1.2445,2.28,1.83,2026.0,1974.0,8.968,True,
1,omnivoice,cuda,,True,1,False,735.8,0.7358,2.28,3.1,2184.6,1974.0,0,True,
1,omnivoice,cuda,,True,2,False,690.8,0.6908,2.28,3.3,2184.7,1974.0,0,True,
1,voxcpm,cpu,,True,0,True,10114.3,10.1143,2.4,0.24,6566.8,,59.251,True,
1,voxcpm,cpu,,True,1,False,13481.6,13.4816,3.2,0.24,6798.0,,0,True,
1,voxcpm,cpu,,True,2,False,13936.5,13.9365,3.36,0.24,6927.8,,0,True,
1,voxcpm,cuda,,True,0,True,1813.4,1.8134,3.84,2.12,3362.0,5376.3,29.983,True,
1,voxcpm,cuda,,True,1,False,2598.3,2.5983,5.44,2.09,3566.2,5406.8,0,True,
1,voxcpm,cuda,,True,2,False,2122.3,2.1223,4.48,2.11,3566.2,5378.5,0,True,
1,qwentts,cpu,base,True,0,True,22672.3,22.6723,1.84,0.08,9317.3,,60.581,True,
1,qwentts,cpu,base,True,1,False,14145.6,14.1456,2.0,0.14,9385.4,,0,True,
1,qwentts,cpu,base,True,2,False,13256.9,13.2569,1.84,0.14,9374.6,,0,True,
1,qwentts,cuda,base,True,0,True,3405.8,3.4058,2.0,0.59,2257.9,4492.7,13.812,True,
1,qwentts,cuda,base,True,1,False,2133.6,2.1336,1.84,0.86,2296.9,4487.0,0,True,
1,qwentts,cuda,base,True,2,False,2025.3,2.0253,1.76,0.87,2297.0,4484.6,0,True,
1,qwentts_fast,cuda,base,True,0,True,14945.8,14.9458,1.76,0.12,2441.0,4756.8,29.214,True,
1,qwentts_fast,cuda,base,True,1,False,674.4,0.6744,1.84,2.73,2508.7,4757.9,0,True,
1,qwentts_fast,cuda,base,True,2,False,683.4,0.6834,1.92,2.81,2510.0,4759.7,0,True,
1,indextts,cpu,,True,0,True,4732.5,4.7325,2.81,0.59,5809.6,,113.452,True,
1,indextts,cpu,,True,1,False,2656.1,2.6561,2.635,0.99,5827.6,,0,True,
1,indextts,cpu,,True,2,False,2641.8,2.6418,2.473,0.94,5827.8,,0,True,
1,indextts,cuda,,True,0,True,4246.7,4.2467,2.891,0.68,2817.3,7192.7,27.706,True,
1,indextts,cuda,,True,1,False,2826.0,2.826,2.45,0.87,2826.3,7306.7,0,True,
1,indextts,cuda,,True,2,False,2934.6,2.9346,2.566,0.87,2826.7,7308.1,0,True,
1,sesame,cpu,,gated,0,True,15890.8,15.8908,1.92,0.12,5902.7,,128.886,True,
1,sesame,cpu,,gated,1,False,15505.5,15.5055,1.92,0.12,6205.3,,0,True,
1,sesame,cpu,,gated,2,False,14177.1,14.1771,1.76,0.12,6286.5,,0,True,
1,sesame,cuda,,gated,0,True,3789.1,3.7891,2.4,0.63,2121.0,3476.9,17.527,True,
1,sesame,cuda,,gated,1,False,3558.3,3.5583,2.64,0.74,2290.8,3480.4,0,True,
1,sesame,cuda,,gated,2,False,2929.6,2.9296,2.16,0.74,2291.0,3473.4,0,True,
1,mars5,cpu,,True,0,True,38155.1,38.1551,2.005,0.05,2699.9,,171.136,True,
1,mars5,cpu,,True,1,False,38369.6,38.3696,2.432,0.06,2723.6,,0,True,
1,mars5,cpu,,True,2,False,37217.1,37.2171,2.091,0.06,2723.6,,0,True,
1,mars5,cuda,,True,0,True,39300.8,39.3008,2.688,0.07,2657.6,5700.6,123.922,True,
1,mars5,cuda,,True,1,False,38178.5,38.1785,2.347,0.06,2673.9,5678.5,0,True,
1,mars5,cuda,,True,2,False,37597.4,37.5974,2.133,0.06,2674.0,5668.4,0,True,
1,dia,cuda,,True,0,True,8069.7,8.0697,2.426,0.3,2241.2,4061.9,97.992,True,
1,dia,cuda,,True,1,False,4130.1,4.1301,2.426,0.59,2608.0,4268.8,0,True,
1,dia,cuda,,True,2,False,4113.7,4.1137,2.426,0.59,2608.0,4269.3,0,True,
1,kokoro,cpu,,False,0,True,453.0,0.4531,2.65,5.85,1586.7,,19.523,True,
1,kokoro,cpu,,False,1,False,374.1,0.3741,2.65,7.08,1927.3,,0,True,
1,kokoro,cpu,,False,2,False,347.4,0.3475,2.65,7.63,1983.4,,0,True,
1,kokoro,cuda,,False,0,True,468.1,0.4681,2.65,5.66,1890.5,605.4,6.756,True,
1,kokoro,cuda,,False,1,False,49.0,0.049,2.65,54.09,2065.9,609.0,0,True,
1,kokoro,cuda,,False,2,False,45.2,0.0452,2.65,58.58,2065.9,609.7,0,True,
1,kittentts,cpu,,False,0,True,764.8,0.7648,2.725,3.56,220.4,,18.19,True,
1,kittentts,cpu,,False,1,False,772.7,0.7727,2.725,3.53,610.3,,0,True,
1,kittentts,cpu,,False,2,False,699.7,0.6997,2.725,3.89,610.3,,0,True,
1,piper,cpu,,False,0,True,99.4,0.0995,2.136,21.47,189.6,,16.011,True,
1,piper,cpu,,False,1,False,63.9,0.0639,2.09,32.68,573.1,,0,True,
1,piper,cpu,,False,2,False,60.2,0.0603,2.02,33.52,573.2,,0,True,
1,vibevoice,cpu,,False,0,True,5493.6,5.4936,3.067,0.56,6662.5,,56.345,True,
1,vibevoice,cpu,,False,1,False,5450.0,5.45,2.533,0.46,6950.8,,0,True,
1,vibevoice,cpu,,False,2,False,5460.8,5.4608,2.533,0.46,6868.3,,0,True,
1,vibevoice,cuda,,False,0,True,1282.0,1.282,2.4,1.87,1815.6,2679.7,11.876,True,
1,vibevoice,cuda,,False,1,False,1089.4,1.0894,2.533,2.33,1990.5,2679.9,0,True,
1,vibevoice,cuda,,False,2,False,1072.6,1.0726,2.533,2.36,1990.5,2679.9,0,True,
1,magpie,cpu,,False,0,True,10001.3,10.0013,3.204,0.32,4567.8,,94.903,True,
1,magpie,cpu,,False,1,False,7450.7,7.4507,2.554,0.34,4632.7,,0,True,
1,magpie,cpu,,False,2,False,9556.9,9.5569,3.204,0.34,4595.3,,0,True,
1,magpie,cuda,,False,0,True,2380.4,2.3804,3.158,1.33,2702.8,2793.1,24.551,True,
1,magpie,cuda,,False,1,False,1348.6,1.3486,2.74,2.03,2742.4,1731.9,0,True,
1,magpie,cuda,,False,2,False,1485.1,1.4851,3.065,2.06,2742.5,1753.1,0,True,
1,soprano,cpu,,False,0,True,654.3,0.6543,1.984,3.03,1361.3,,28.577,True,
1,soprano,cpu,,False,1,False,666.3,0.6663,1.984,2.98,1661.6,,0,True,
1,soprano,cpu,,False,2,False,658.7,0.6587,1.984,3.01,1661.6,,0,True,
1,soprano,cuda,,False,0,True,414.2,0.4142,1.984,4.79,1880.9,283.3,8.625,True,
1,soprano,cuda,,False,1,False,387.9,0.3879,1.792,4.62,2031.2,282.7,0,True,
1,soprano,cuda,,False,2,False,406.6,0.4066,1.984,4.88,2031.2,283.3,0,True,
1,supertonic,cpu,,False,0,True,590.0,0.59,2.856,4.84,612.2,,20.797,True,
1,supertonic,cpu,,False,1,False,610.2,0.6102,2.856,4.68,926.6,,0,True,
1,supertonic,cpu,,False,2,False,582.7,0.5827,2.856,4.9,926.6,,0,True,
2,pocket,cpu,,gated,0,True,111.8,1.2756,6.24,4.89,779.7,,7.303,True,
2,pocket,cpu,,gated,1,False,113.7,1.1273,5.44,4.83,989.2,,0,True,
2,pocket,cpu,,gated,2,False,105.4,1.2092,5.92,4.9,996.2,,0,True,
2,neutts_air,cpu,air,True,0,True,1549.4,5.5859,6.3,1.13,6123.0,,27.624,True,
2,neutts_air,cpu,air,True,1,False,553.0,4.0254,5.56,1.38,6132.9,,0,True,
2,neutts_air,cpu,air,True,2,False,540.8,5.2347,7.2,1.38,6133.2,,0,True,
2,neutts_air,cuda,air,True,0,True,1454.9,3.7924,4.86,1.28,3969.3,3331.3,19.091,True,
2,neutts_air,cuda,air,True,1,False,463.2,3.0514,5.32,1.74,3979.7,3331.3,0,True,
2,neutts_air,cuda,air,True,2,False,460.5,2.7728,4.8,1.73,3979.9,3331.3,0,True,
2,neutts_nano,cpu,nano,True,0,True,931.8,2.8543,4.76,1.67,5688.4,,19.79,True,
2,neutts_nano,cpu,nano,True,1,False,382.1,2.3435,4.92,2.1,5698.8,,0,True,
2,neutts_nano,cpu,nano,True,2,False,397.6,2.3412,4.86,2.08,5699.0,,0,True,
2,neutts_nano,cuda,nano,True,0,True,916.1,2.2507,5.02,2.23,2716.0,3331.3,15.13,True,
2,neutts_nano,cuda,nano,True,1,False,319.9,1.5523,4.6,2.96,2759.3,3331.3,0,True,
2,neutts_nano,cuda,nano,True,2,False,310.5,1.8113,5.58,3.08,2797.2,3331.3,0,True,
2,chatterbox,cpu,,True,0,True,12129.5,12.1295,4.44,0.37,4167.7,,48.028,True,
2,chatterbox,cpu,,True,1,False,12060.9,12.0609,4.52,0.37,4189.0,,0,True,
2,chatterbox,cpu,,True,2,False,12105.0,12.105,4.56,0.38,4197.0,,0,True,
2,chatterbox,cuda,,True,0,True,2340.1,2.3401,4.52,1.93,2060.3,3184.5,17.381,True,
2,chatterbox,cuda,,True,1,False,1828.3,1.8283,4.32,2.36,2086.8,3212.3,0,True,
2,chatterbox,cuda,,True,2,False,1979.1,1.9791,4.8,2.43,2097.8,3214.0,0,True,
2,chatterbox_turbo,cpu,turbo,True,0,True,7395.1,7.3951,5.12,0.69,3773.5,,31.201,True,
2,chatterbox_turbo,cpu,turbo,True,1,False,7016.8,7.0168,4.96,0.71,3838.4,,0,True,
2,chatterbox_turbo,cpu,turbo,True,2,False,6278.6,6.2786,4.48,0.71,3828.2,,0,True,
2,chatterbox_turbo,cuda,turbo,True,0,True,1457.1,1.4571,5.28,3.62,2159.1,2862.0,14.127,True,
2,chatterbox_turbo,cuda,turbo,True,1,False,1214.2,1.2142,5.76,4.74,2192.8,2869.9,0,True,
2,chatterbox_turbo,cuda,turbo,True,2,False,1016.6,1.0166,4.92,4.84,2198.0,2855.1,0,True,
2,f5tts,cpu,,True,0,True,49317.4,49.3174,3.648,0.07,2569.3,,156.461,True,
2,f5tts,cpu,,True,1,False,48506.9,48.5069,3.648,0.08,2671.8,,0,True,
2,f5tts,cpu,,True,2,False,49888.8,49.8888,3.648,0.07,2730.3,,0,True,
2,f5tts,cuda,,True,0,True,1907.0,1.907,3.648,1.91,2296.4,773.7,12.979,True,
2,f5tts,cuda,,True,1,False,1377.6,1.3776,3.648,2.65,2397.1,773.7,0,True,
2,f5tts,cuda,,True,2,False,1311.1,1.3111,3.648,2.78,2404.5,773.7,0,True,
2,coqui,cpu,,True,0,True,7523.6,7.5236,5.889,0.78,3059.8,,37.145,True,
2,coqui,cpu,,True,1,False,6618.1,6.6181,5.334,0.81,3077.1,,0,True,
2,coqui,cpu,,True,2,False,7684.2,7.6842,6.166,0.8,3086.8,,0,True,
2,coqui,cuda,,True,0,True,1267.3,1.2673,5.291,4.18,2131.3,1921.3,18.392,True,
2,coqui,cuda,,True,1,False,1162.5,1.1625,5.75,4.95,2159.0,1931.1,0,True,
2,coqui,cuda,,True,2,False,1174.2,1.1742,5.846,4.98,2159.2,1931.7,0,True,
2,omnivoice,cpu,,True,0,True,12994.1,12.9941,5.51,0.42,2913.9,,44.445,True,
2,omnivoice,cpu,,True,1,False,12849.4,12.8494,5.44,0.42,3035.9,,0,True,
2,omnivoice,cpu,,True,2,False,12796.6,12.7966,5.11,0.4,3037.2,,0,True,
2,omnivoice,cuda,,True,0,True,1192.0,1.192,5.02,4.21,2027.9,2019.1,8.488,True,
2,omnivoice,cuda,,True,1,False,688.7,0.6887,5.03,7.3,2191.1,2019.1,0,True,
2,omnivoice,cuda,,True,2,False,667.6,0.6676,5.08,7.61,2191.1,2019.1,0,True,
2,voxcpm,cpu,,True,0,True,21589.7,21.5897,5.12,0.24,6597.4,,88.169,True,
2,voxcpm,cpu,,True,1,False,22725.7,22.7257,5.44,0.24,6939.1,,0,True,
2,voxcpm,cpu,,True,2,False,21130.7,21.1307,5.12,0.24,6939.1,,0,True,
2,voxcpm,cuda,,True,0,True,2427.8,2.4278,5.12,2.11,3470.0,5397.3,30.638,True,
2,voxcpm,cuda,,True,1,False,2207.7,2.2077,4.64,2.1,3674.2,5383.2,0,True,
2,voxcpm,cuda,,True,2,False,2658.0,2.658,5.6,2.11,3674.3,5412.3,0,True,
2,qwentts,cpu,base,True,0,True,27432.8,27.4328,4.48,0.16,9275.5,,87.257,True,
2,qwentts,cpu,base,True,1,False,26469.1,26.4691,4.4,0.17,9414.8,,0,True,
2,qwentts,cpu,base,True,2,False,26640.9,26.6409,4.48,0.17,9435.6,,0,True,
2,qwentts,cuda,base,True,0,True,6483.3,6.4833,4.8,0.74,2255.0,4575.5,23.87,True,
2,qwentts,cuda,base,True,1,False,5493.7,5.4937,4.72,0.86,2297.7,4571.8,0,True,
2,qwentts,cuda,base,True,2,False,5579.2,5.5792,4.8,0.86,2297.8,4574.5,0,True,
2,qwentts_fast,cuda,base,True,0,True,7277.8,7.2778,4.64,0.64,2339.6,4839.1,17.101,True,
2,qwentts_fast,cuda,base,True,1,False,1563.5,1.5635,4.8,3.07,2381.3,4843.5,0,True,
2,qwentts_fast,cuda,base,True,2,False,1610.6,1.6106,4.96,3.08,2381.3,4849.5,0,True,
2,indextts,cpu,,True,0,True,4630.3,4.6303,4.493,0.97,2549.7,,32.073,True,
2,indextts,cpu,,True,1,False,3785.8,3.7858,4.505,1.19,2559.1,,0,True,
2,indextts,cpu,,True,2,False,3891.3,3.8913,4.563,1.17,2559.7,,0,True,
2,indextts,cuda,,True,0,True,5582.7,5.5827,4.992,0.89,2836.7,7208.4,31.857,True,
2,indextts,cuda,,True,1,False,4193.1,4.1931,4.644,1.11,2846.2,7304.5,0,True,
2,indextts,cuda,,True,2,False,4344.4,4.3444,4.783,1.1,2846.6,7309.1,0,True,
2,sesame,cpu,,gated,0,True,41721.0,41.721,5.04,0.12,5929.9,,171.437,True,
2,sesame,cpu,,gated,1,False,76737.1,76.7371,10.0,0.13,6243.3,,0,True,
2,sesame,cpu,,gated,2,False,46204.1,46.2041,5.84,0.13,6372.9,,0,True,
2,sesame,cuda,,gated,0,True,9473.4,9.4734,6.8,0.72,2126.5,3541.7,30.155,True,
2,sesame,cuda,,gated,1,False,6712.1,6.7121,5.04,0.75,2299.2,3516.1,0,True,
2,sesame,cuda,,gated,2,False,6522.3,6.5223,5.04,0.77,2299.3,3516.1,0,True,
2,mars5,cpu,,True,0,True,49326.9,49.3269,5.779,0.12,2661.9,,155.338,True,
2,mars5,cpu,,True,1,False,46946.7,46.9467,4.952,0.11,2678.4,,0,True,
2,mars5,cpu,,True,2,False,49012.1,49.0121,5.589,0.11,2678.5,,0,True,
2,mars5,cuda,,True,0,True,49589.3,49.5893,5.291,0.11,2658.3,5894.0,154.695,True,
2,mars5,cuda,,True,1,False,47605.2,47.6052,5.099,0.11,2674.8,5862.7,0,True,
2,mars5,cuda,,True,2,False,48330.1,48.3301,5.269,0.11,2674.8,5875.2,0,True,
2,dia,cuda,,True,0,True,23699.4,23.6994,13.653,0.58,2121.2,4691.6,80.221,True,
2,dia,cuda,,True,1,False,21774.3,21.7743,13.653,0.63,2376.9,4691.3,0,True,
2,dia,cuda,,True,2,False,21776.7,21.7767,13.653,0.63,2376.9,4692.0,0,True,
2,kokoro,cpu,,False,0,True,950.3,0.9503,5.85,6.16,1604.4,,9.307,True,
2,kokoro,cpu,,False,1,False,851.7,0.8517,5.85,6.87,1768.7,,0,True,
2,kokoro,cpu,,False,2,False,795.8,0.7958,5.85,7.35,1806.2,,0,True,
2,kokoro,cuda,,False,0,True,494.6,0.4946,5.85,11.83,1883.9,659.1,7.058,True,
2,kokoro,cuda,,False,1,False,69.1,0.0691,5.85,84.69,2061.6,660.3,0,True,
2,kokoro,cuda,,False,2,False,56.8,0.0568,5.85,102.93,2061.6,660.1,0,True,
2,kittentts,cpu,,False,0,True,1903.6,1.9036,5.625,2.95,206.4,,8.553,True,
2,kittentts,cpu,,False,1,False,1941.1,1.9411,5.625,2.9,478.5,,0,True,
2,kittentts,cpu,,False,2,False,1874.0,1.874,5.625,3.0,478.5,,0,True,
2,piper,cpu,,False,0,True,190.1,0.1905,5.759,30.22,251.4,,3.123,True,
2,piper,cpu,,False,1,False,161.3,0.1614,5.677,35.18,493.6,,0,True,
2,piper,cpu,,False,2,False,139.4,0.1395,5.492,39.37,493.6,,0,True,
2,vibevoice,cpu,,False,0,True,13723.9,13.7239,7.333,0.53,6007.7,,43.691,True,
2,vibevoice,cpu,,False,1,False,11070.6,11.0706,6.133,0.55,6143.9,,0,True,
2,vibevoice,cpu,,False,2,False,10938.5,10.9385,5.867,0.54,6144.0,,0,True,
2,vibevoice,cuda,,False,0,True,2570.2,2.5702,6.133,2.39,1815.8,2680.7,15.656,True,
2,vibevoice,cuda,,False,1,False,2130.4,2.1304,6.0,2.82,1994.1,2680.7,0,True,
2,vibevoice,cuda,,False,2,False,2358.4,2.3584,6.933,2.94,1994.2,2680.8,0,True,
2,magpie,cpu,,False,0,True,25337.8,25.3378,6.78,0.27,5523.1,,93.936,True,
2,magpie,cpu,,False,1,False,23856.7,23.8567,6.641,0.28,5533.4,,0,True,
2,magpie,cpu,,False,2,False,23545.2,23.5452,6.548,0.28,5562.2,,0,True,
2,magpie,cuda,,False,0,True,4175.9,4.1759,6.827,1.63,2723.0,2798.6,30.357,True,
2,magpie,cuda,,False,1,False,3137.6,3.1376,6.594,2.1,2763.4,2149.1,0,True,
2,magpie,cuda,,False,2,False,3098.4,3.0984,6.594,2.13,2763.4,2146.8,0,True,
2,soprano,cpu,,False,0,True,1603.2,1.6032,4.992,3.11,1290.6,,13.052,True,
2,soprano,cpu,,False,1,False,1764.1,1.7641,4.992,2.83,1451.1,,0,True,
2,soprano,cpu,,False,2,False,1725.9,1.7259,4.992,2.89,1451.2,,0,True,
2,soprano,cuda,,False,0,True,1068.5,1.0685,4.992,4.67,1870.9,294.4,10.884,True,
2,soprano,cuda,,False,1,False,1019.3,1.0193,4.992,4.9,2039.1,294.4,0,True,
2,soprano,cuda,,False,2,False,995.7,0.9957,4.992,5.01,2039.2,294.4,0,True,
2,supertonic,cpu,,False,0,True,975.2,0.9752,6.06,6.21,510.7,,5.718,True,
2,supertonic,cpu,,False,1,False,1022.0,1.022,6.06,5.93,748.9,,0,True,
2,supertonic,cpu,,False,2,False,984.9,0.9849,6.06,6.15,748.9,,0,True,
3,pocket,cpu,,gated,0,True,135.9,3.448,16.24,4.71,841.2,,14.45,True,
3,pocket,cpu,,gated,1,False,149.9,3.3447,15.68,4.69,1007.3,,0,True,
3,pocket,cpu,,gated,2,False,126.7,3.3394,15.84,4.74,1016.6,,0,True,
3,neutts_air,cpu,air,True,0,True,1728.7,14.3276,17.6,1.23,6125.0,,54.279,True,
3,neutts_air,cpu,air,True,1,False,559.7,13.1296,17.6,1.34,6134.6,,0,True,
3,neutts_air,cpu,air,True,2,False,576.6,13.1231,17.56,1.34,6134.9,,0,True,
3,neutts_air,cuda,air,True,0,True,1926.6,11.5156,16.86,1.46,3261.3,3331.3,42.309,True,
3,neutts_air,cuda,air,True,1,False,496.5,10.5779,17.6,1.66,3385.2,3331.3,0,True,
3,neutts_air,cuda,air,True,2,False,487.3,9.9686,16.78,1.68,3491.1,3331.3,0,True,
3,neutts_nano,cpu,nano,True,0,True,1060.7,7.5666,14.02,1.85,5689.3,,34.256,True,
3,neutts_nano,cpu,nano,True,1,False,413.4,6.9718,14.24,2.04,5699.3,,0,True,
3,neutts_nano,cpu,nano,True,2,False,425.1,6.7678,13.82,2.04,5699.5,,0,True,
3,neutts_nano,cuda,nano,True,0,True,973.3,5.1115,13.24,2.59,3535.2,3331.3,24.547,True,
3,neutts_nano,cuda,nano,True,1,False,350.6,4.6975,13.88,2.95,3545.2,3331.3,0,True,
3,neutts_nano,cuda,nano,True,2,False,344.9,4.6348,13.78,2.97,3545.4,3331.3,0,True,
3,chatterbox,cpu,,True,0,True,34188.0,34.188,13.44,0.39,4258.9,,109.398,True,
3,chatterbox,cpu,,True,1,False,32497.4,32.4974,12.8,0.39,4379.3,,0,True,
3,chatterbox,cpu,,True,2,False,31170.7,31.1707,12.24,0.39,4341.9,,0,True,
3,chatterbox,cuda,,True,0,True,5729.7,5.7297,13.52,2.36,2116.3,3342.3,27.085,True,
3,chatterbox,cuda,,True,1,False,4781.7,4.7817,12.24,2.56,2134.1,3357.2,0,True,
3,chatterbox,cuda,,True,2,False,4415.7,4.4157,11.48,2.6,2147.2,3345.0,0,True,
3,chatterbox_turbo,cpu,turbo,True,0,True,23379.4,23.3794,16.12,0.69,3959.9,,79.719,True,
3,chatterbox_turbo,cpu,turbo,True,1,False,23422.0,23.422,16.48,0.7,4030.7,,0,True,
3,chatterbox_turbo,cpu,turbo,True,2,False,22029.5,22.0295,15.6,0.71,4031.8,,0,True,
3,chatterbox_turbo,cuda,turbo,True,0,True,3354.7,3.3547,15.16,4.52,2175.6,3087.2,20.89,True,
3,chatterbox_turbo,cuda,turbo,True,1,False,3258.6,3.2586,15.88,4.87,2235.4,3108.2,0,True,
3,chatterbox_turbo,cuda,turbo,True,2,False,3114.9,3.1149,15.4,4.94,2269.8,3096.7,0,True,
3,f5tts,cpu,,True,0,True,76587.7,76.5877,10.165,0.13,2594.6,,251.649,True,
3,f5tts,cpu,,True,1,False,83254.7,83.2547,10.165,0.12,2737.0,,0,True,
3,f5tts,cpu,,True,2,False,82766.9,82.7669,10.165,0.12,2738.2,,0,True,
3,f5tts,cuda,,True,0,True,2469.0,2.469,10.165,4.12,2259.4,802.0,15.194,True,
3,f5tts,cuda,,True,1,False,1969.6,1.9696,10.165,5.16,2360.8,802.0,0,True,
3,f5tts,cuda,,True,2,False,1912.6,1.9126,10.165,5.32,2368.1,802.0,0,True,
3,coqui,cpu,,True,0,True,32425.3,32.4253,22.838,0.7,3223.3,,100.389,True,
3,coqui,cpu,,True,1,False,27594.7,27.5947,20.011,0.73,3226.0,,0,True,
3,coqui,cpu,,True,2,False,24173.4,24.1734,17.729,0.73,3225.4,,0,True,
3,coqui,cuda,,True,0,True,4217.3,4.2173,19.083,4.53,2133.1,2171.4,28.11,True,
3,coqui,cuda,,True,1,False,3994.2,3.9942,18.849,4.72,2172.1,2166.6,0,True,
3,coqui,cuda,,True,2,False,4313.9,4.3139,20.566,4.77,2173.4,2201.5,0,True,
3,omnivoice,cpu,,True,0,True,31891.8,31.8918,15.88,0.5,3065.7,,101.478,True,
3,omnivoice,cpu,,True,1,False,31699.3,31.6993,15.88,0.5,3242.4,,0,True,
3,omnivoice,cpu,,True,2,False,31583.4,31.5834,15.88,0.5,3358.3,,0,True,
3,omnivoice,cuda,,True,0,True,1540.6,1.5406,15.88,10.31,2036.7,2162.6,10.287,True,
3,omnivoice,cuda,,True,1,False,1063.6,1.0636,15.88,14.93,2212.3,2161.8,0,True,
3,omnivoice,cuda,,True,2,False,1035.9,1.0359,15.88,15.33,2212.3,2161.8,0,True,
3,voxcpm,cpu,,True,0,True,66253.0,66.253,15.36,0.23,6567.8,,209.706,True,
3,voxcpm,cpu,,True,1,False,59174.2,59.1742,13.92,0.24,6909.6,,0,True,
3,voxcpm,cpu,,True,2,False,60013.6,60.0136,14.08,0.23,6915.1,,0,True,
3,voxcpm,cuda,,True,0,True,7200.9,7.2009,15.04,2.09,3469.6,5689.4,46.348,True,
3,voxcpm,cuda,,True,1,False,6672.4,6.6724,13.92,2.09,3674.7,5656.4,0,True,
3,voxcpm,cuda,,True,2,False,7353.5,7.3535,15.36,2.09,3674.7,5698.9,0,True,
3,qwentts,cpu,base,True,0,True,77413.9,77.4139,14.4,0.19,9330.6,,229.824,True,
3,qwentts,cpu,base,True,1,False,73648.7,73.6487,13.68,0.19,9500.0,,0,True,
3,qwentts,cpu,base,True,2,False,70753.7,70.7537,13.12,0.19,9483.2,,0,True,
3,qwentts,cuda,base,True,0,True,15842.5,15.8425,13.2,0.83,2258.0,4754.3,52.624,True,
3,qwentts,cuda,base,True,1,False,15074.3,15.0743,13.6,0.9,2312.1,4754.3,0,True,
3,qwentts,cuda,base,True,2,False,14915.4,14.9154,13.76,0.92,2312.2,4754.3,0,True,
3,qwentts_fast,cuda,base,True,0,True,9964.1,9.9641,13.12,1.32,2361.9,5009.1,25.85,True,
3,qwentts_fast,cuda,base,True,1,False,4158.7,4.1587,13.2,3.17,2414.6,5009.1,0,True,
3,qwentts_fast,cuda,base,True,2,False,4489.8,4.4898,14.32,3.19,2414.7,5009.1,0,True,
3,indextts,cpu,,True,0,True,11365.4,11.3654,14.547,1.28,2604.6,,53.857,True,
3,indextts,cpu,,True,1,False,11293.1,11.2931,15.592,1.38,2618.9,,0,True,
3,indextts,cpu,,True,2,False,10648.0,10.648,14.733,1.38,2619.4,,0,True,
3,indextts,cuda,,True,0,True,12681.7,12.6817,14.35,1.13,2821.1,7754.9,52.905,True,
3,indextts,cuda,,True,1,False,11004.5,11.0045,13.653,1.24,2835.6,7832.6,0,True,
3,indextts,cuda,,True,2,False,11375.3,11.3753,14.048,1.23,2836.0,7852.8,0,True,
3,sesame,cpu,,gated,0,True,83876.3,83.8763,10.0,0.12,6092.7,,259.08,True,
3,sesame,cpu,,gated,1,False,84330.9,84.3309,10.0,0.12,6438.1,,0,True,
3,sesame,cpu,,gated,2,False,83798.1,83.7981,10.0,0.12,6576.7,,0,True,
3,sesame,cuda,,gated,0,True,13145.4,13.1454,10.0,0.76,2114.7,3589.2,46.878,True,
3,sesame,cuda,,gated,1,False,12985.7,12.9857,10.0,0.77,2293.3,3589.2,0,True,
3,sesame,cuda,,gated,2,False,12918.0,12.918,10.0,0.77,2293.4,3589.2,0,True,
3,mars5,cpu,,True,0,True,95479.9,95.4799,17.792,0.19,2643.9,,298.367,True,
3,mars5,cpu,,True,1,False,95479.1,95.4791,17.933,0.19,2661.3,,0,True,
3,mars5,cpu,,True,2,False,96755.7,96.7557,18.355,0.19,2661.3,,0,True,
3,mars5,cuda,,True,0,True,96580.7,96.5807,18.261,0.19,2656.1,6966.1,301.079,True,
3,mars5,cuda,,True,1,False,98590.4,98.5904,18.48,0.19,2673.5,6978.6,0,True,
3,mars5,cuda,,True,2,False,95875.7,95.8757,18.131,0.19,2673.5,6958.1,0,True,
3,dia,cuda,,True,0,True,20747.3,20.7473,11.773,0.57,2126.8,4539.0,71.027,True,
3,dia,cuda,,True,1,False,18821.9,18.8219,11.773,0.63,2365.3,4539.4,0,True,
3,dia,cuda,,True,2,False,18811.2,18.8112,11.773,0.63,2365.3,4538.6,0,True,
3,kokoro,cpu,,False,0,True,3393.9,3.3939,17.8,5.24,1688.4,,17.279,True,
3,kokoro,cpu,,False,1,False,3361.4,3.3614,17.8,5.3,1842.1,,0,True,
3,kokoro,cpu,,False,2,False,3242.1,3.2421,17.8,5.49,1851.1,,0,True,
3,kokoro,cuda,,False,0,True,543.1,0.5431,17.8,32.77,1890.0,878.7,7.76,True,
3,kokoro,cuda,,False,1,False,144.4,0.1444,17.8,123.26,2061.7,881.7,0,True,
3,kokoro,cuda,,False,2,False,122.0,0.122,17.8,145.94,2061.7,881.9,0,True,
3,kittentts,cpu,,False,0,True,4703.1,4.7031,16.375,3.48,330.2,,15.991,True,
3,kittentts,cpu,,False,1,False,4004.7,4.0047,16.375,4.09,699.8,,0,True,
3,kittentts,cpu,,False,2,False,3805.2,3.8052,16.375,4.3,699.8,,0,True,
3,piper,cpu,,False,0,True,470.0,0.4708,15.279,32.45,476.8,,4.572,True,
3,piper,cpu,,False,1,False,460.7,0.4609,15.163,32.89,841.5,,0,True,
3,piper,cpu,,False,2,False,394.8,0.395,14.977,37.91,841.5,,0,True,
3,vibevoice,cpu,,False,0,True,34311.0,34.311,20.8,0.61,6016.5,,106.7,True,
3,vibevoice,cpu,,False,1,False,31417.1,31.4171,18.933,0.6,6148.1,,0,True,
3,vibevoice,cpu,,False,2,False,32538.6,32.5386,20.0,0.61,6149.7,,0,True,
3,vibevoice,cuda,,False,0,True,7034.4,7.0344,19.867,2.82,1817.7,2683.7,29.509,True,
3,vibevoice,cuda,,False,1,False,7129.7,7.1297,20.4,2.86,1992.2,2683.8,0,True,
3,vibevoice,cuda,,False,2,False,5990.8,5.9908,18.267,3.05,1992.2,2683.3,0,True,
3,magpie,cpu,,False,0,True,102559.9,102.5599,17.926,0.17,13873.0,,337.753,True,
3,magpie,cpu,,False,1,False,105948.6,105.9486,18.483,0.17,13885.3,,0,True,
3,magpie,cpu,,False,2,False,106805.4,106.8054,18.576,0.17,13885.4,,0,True,
3,magpie,cuda,,False,0,True,11831.1,11.8311,18.901,1.6,2748.8,6713.9,51.872,True,
3,magpie,cuda,,False,1,False,9845.3,9.8453,17.647,1.79,2800.5,6115.0,0,True,
3,magpie,cuda,,False,2,False,9793.2,9.7932,17.786,1.82,2800.5,6093.2,0,True,
3,soprano,cpu,,False,0,True,4617.1,4.6171,14.72,3.19,1317.0,,22.397,True,
3,soprano,cpu,,False,1,False,4731.0,4.731,14.72,3.11,1459.2,,0,True,
3,soprano,cpu,,False,2,False,4534.3,4.5343,14.272,3.15,1460.3,,0,True,
3,soprano,cuda,,False,0,True,2795.3,2.7953,14.08,5.04,1897.6,325.0,17.253,True,
3,soprano,cuda,,False,1,False,3008.6,3.0086,14.208,4.72,2059.1,326.2,0,True,
3,soprano,cuda,,False,2,False,2963.0,2.963,14.016,4.73,2059.2,324.8,0,True,
3,supertonic,cpu,,False,0,True,2651.2,2.6512,18.112,6.83,575.2,,12.023,True,
3,supertonic,cpu,,False,1,False,2687.9,2.6879,18.112,6.74,867.2,,0,True,
3,supertonic,cpu,,False,2,False,2648.5,2.6485,18.112,6.84,867.2,,0,True,
4,pocket,cpu,,gated,0,True,143.3,1.524,7.28,4.78,778.6,,8.501,True,
4,pocket,cpu,,gated,1,False,134.3,1.5829,7.44,4.7,993.7,,0,True,
4,pocket,cpu,,gated,2,False,111.2,1.475,7.12,4.83,993.4,,0,True,
4,neutts_air,cpu,air,True,0,True,1531.0,6.4221,7.46,1.16,5392.2,,32.719,True,
4,neutts_air,cpu,air,True,1,False,555.1,5.3402,7.28,1.36,5420.1,,0,True,
4,neutts_air,cpu,air,True,2,False,555.8,4.9828,6.76,1.36,5463.7,,0,True,
4,neutts_air,cuda,air,True,0,True,1484.7,5.8213,8.42,1.45,3184.6,3331.3,24.631,True,
4,neutts_air,cuda,air,True,1,False,484.5,4.4632,7.78,1.74,3242.4,3331.3,0,True,
4,neutts_air,cuda,air,True,2,False,460.6,4.6395,8.1,1.75,3291.6,3331.3,0,True,
4,neutts_nano,cpu,nano,True,0,True,942.2,3.1912,5.52,1.73,4957.2,,23.125,True,
4,neutts_nano,cpu,nano,True,1,False,412.4,2.443,5.04,2.06,4967.1,,0,True,
4,neutts_nano,cpu,nano,True,2,False,400.4,2.5762,5.24,2.03,4988.4,,0,True,
4,neutts_nano,cuda,nano,True,0,True,849.1,2.1819,4.98,2.28,3534.0,3331.3,15.245,True,
4,neutts_nano,cuda,nano,True,1,False,329.4,1.7548,5.3,3.02,3544.4,3331.3,0,True,
4,neutts_nano,cuda,nano,True,2,False,316.3,1.9317,5.98,3.1,3544.5,3331.3,0,True,
4,chatterbox,cpu,,True,0,True,16052.8,16.0528,6.28,0.39,4169.4,,60.467,True,
4,chatterbox,cpu,,True,1,False,15852.0,15.852,6.36,0.4,4171.2,,0,True,
4,chatterbox,cpu,,True,2,False,16497.5,16.4975,6.64,0.4,4201.4,,0,True,
4,chatterbox,cuda,,True,0,True,2936.9,2.9369,6.12,2.08,2064.9,3205.6,19.022,True,
4,chatterbox,cuda,,True,1,False,2105.5,2.1055,4.96,2.36,2089.8,3220.6,0,True,
4,chatterbox,cuda,,True,2,False,2412.3,2.4123,5.8,2.4,2099.0,3232.1,0,True,
4,chatterbox_turbo,cpu,turbo,True,0,True,9249.5,9.2495,6.4,0.69,3796.2,,38.278,True,
4,chatterbox_turbo,cpu,turbo,True,1,False,9454.4,9.4544,6.76,0.72,3799.9,,0,True,
4,chatterbox_turbo,cpu,turbo,True,2,False,8879.3,8.8793,6.32,0.71,3809.1,,0,True,
4,chatterbox_turbo,cuda,turbo,True,0,True,1783.1,1.7831,6.96,3.9,2164.5,2893.2,15.058,True,
4,chatterbox_turbo,cuda,turbo,True,1,False,1276.1,1.2761,5.84,4.58,2191.9,2874.7,0,True,
4,chatterbox_turbo,cuda,turbo,True,2,False,1396.4,1.3964,6.56,4.7,2219.1,2885.4,0,True,
4,f5tts,cpu,,True,0,True,50229.0,50.229,3.883,0.08,2568.8,,160.447,True,
4,f5tts,cpu,,True,1,False,50292.2,50.2922,3.883,0.08,2746.2,,0,True,
4,f5tts,cpu,,True,2,False,51123.3,51.1233,3.883,0.08,2661.4,,0,True,
4,f5tts,cuda,,True,0,True,1897.2,1.8972,3.883,2.05,2272.6,775.4,13.019,True,
4,f5tts,cuda,,True,1,False,1357.5,1.3575,3.883,2.86,2372.5,774.6,0,True,
4,f5tts,cuda,,True,2,False,1322.2,1.3222,3.883,2.94,2380.0,774.6,0,True,
4,coqui,cpu,,True,0,True,11240.9,11.2409,8.491,0.76,2992.3,,53.41,True,
4,coqui,cpu,,True,1,False,11353.4,11.3534,8.726,0.77,3221.2,,0,True,
4,coqui,cpu,,True,2,False,15173.8,15.1738,11.371,0.75,3233.7,,0,True,
4,coqui,cuda,,True,0,True,2162.0,2.162,9.377,4.34,2123.6,1995.1,21.43,True,
4,coqui,cuda,,True,1,False,2119.1,2.1191,10.166,4.8,2154.6,2010.9,0,True,
4,coqui,cuda,,True,2,False,1867.9,1.8679,9.185,4.92,2153.9,1991.5,0,True,
4,omnivoice,cpu,,True,0,True,13670.2,13.6702,6.04,0.44,2917.2,,45.339,True,
4,omnivoice,cpu,,True,1,False,12895.6,12.8956,5.68,0.44,3041.6,,0,True,
4,omnivoice,cpu,,True,2,False,12776.9,12.7769,6.04,0.47,3055.7,,0,True,
4,omnivoice,cuda,,True,0,True,1400.7,1.4007,5.91,4.22,2027.7,2028.3,9.212,True,
4,omnivoice,cuda,,True,1,False,688.4,0.6884,6.04,8.77,2191.7,2028.3,0,True,
4,omnivoice,cuda,,True,2,False,656.1,0.6561,5.99,9.13,2191.7,2028.3,0,True,
4,voxcpm,cpu,,True,0,True,33041.4,33.0414,7.68,0.23,6566.8,,123.744,True,
4,voxcpm,cpu,,True,1,False,37670.9,37.6709,8.96,0.24,6907.7,,0,True,
4,voxcpm,cpu,,True,2,False,29618.9,29.6189,7.04,0.24,6909.1,,0,True,
4,voxcpm,cuda,,True,0,True,3502.7,3.5027,7.36,2.1,3469.4,5464.7,34.357,True,
4,voxcpm,cuda,,True,1,False,3748.8,3.7488,7.84,2.09,3673.8,5477.0,0,True,
4,voxcpm,cuda,,True,2,False,3424.9,3.4249,7.2,2.1,3673.8,5458.2,0,True,
4,qwentts,cpu,base,True,0,True,37872.0,37.872,6.24,0.16,9334.1,,117.702,True,
4,qwentts,cpu,base,True,1,False,35980.3,35.9803,6.0,0.17,9390.0,,0,True,
4,qwentts,cpu,base,True,2,False,37029.7,37.0297,6.24,0.17,9413.2,,0,True,
4,qwentts,cuda,base,True,0,True,8671.1,8.6711,6.8,0.78,2255.9,4634.4,30.492,True,
4,qwentts,cuda,base,True,1,False,7557.1,7.5571,6.72,0.89,2300.2,4631.6,0,True,
4,qwentts,cuda,base,True,2,False,7696.9,7.6969,6.88,0.89,2300.4,4635.7,0,True,
4,qwentts_fast,cuda,base,True,0,True,8036.4,8.0364,6.56,0.82,2328.5,4896.3,19.327,True,
4,qwentts_fast,cuda,base,True,1,False,2063.5,2.0635,6.4,3.1,2371.4,4890.0,0,True,
4,qwentts_fast,cuda,base,True,2,False,2075.8,2.0758,6.48,3.12,2371.5,4892.4,0,True,
4,indextts,cpu,,True,0,True,6136.5,6.1365,6.444,1.05,2540.0,,36.638,True,
4,indextts,cpu,,True,1,False,5037.5,5.0375,6.269,1.24,2557.6,,0,True,
4,indextts,cpu,,True,2,False,5427.0,5.427,7.001,1.29,2558.1,,0,True,
4,indextts,cuda,,True,0,True,6483.8,6.4838,5.991,0.92,2822.7,7267.3,34.495,True,
4,indextts,cuda,,True,1,False,5600.0,5.6,6.327,1.13,2832.3,7397.1,0,True,
4,indextts,cuda,,True,2,False,5339.9,5.3399,5.991,1.12,2832.5,7385.3,0,True,
4,sesame,cpu,,gated,0,True,70430.8,70.4308,8.08,0.11,6008.7,,217.584,True,
4,sesame,cpu,,gated,1,False,73583.5,73.5835,8.8,0.12,6454.2,,0,True,
4,sesame,cpu,,gated,2,False,66412.5,66.4125,7.84,0.12,6604.1,,0,True,
4,sesame,cuda,,gated,0,True,10787.6,10.7876,7.92,0.73,2120.0,3557.9,42.078,True,
4,sesame,cuda,,gated,1,False,11746.4,11.7464,9.04,0.77,2295.5,3574.6,0,True,
4,sesame,cuda,,gated,2,False,11931.4,11.9314,9.2,0.77,2295.6,3576.7,0,True,
4,mars5,cpu,,True,0,True,53289.9,53.2899,7.083,0.13,2646.3,,163.479,True,
4,mars5,cpu,,True,1,False,49759.1,49.7591,6.016,0.12,2663.0,,0,True,
4,mars5,cpu,,True,2,False,50571.5,50.5715,6.421,0.13,2663.0,,0,True,
4,mars5,cuda,,True,0,True,55099.0,55.099,7.632,0.14,2660.0,6027.8,168.068,True,
4,mars5,cuda,,True,1,False,51897.5,51.8975,6.635,0.13,2676.6,5951.1,0,True,
4,mars5,cuda,,True,2,False,51712.5,51.7125,6.528,0.13,2676.7,5948.3,0,True,
4,dia,cuda,,True,0,True,12741.1,12.7411,6.525,0.51,2118.7,4114.9,45.808,True,
4,dia,cuda,,True,1,False,10584.3,10.5843,6.525,0.62,2367.0,4269.6,0,True,
4,dia,cuda,,True,2,False,10607.4,10.6074,6.525,0.62,2367.1,4270.1,0,True,
4,kokoro,cpu,,False,0,True,1058.3,1.0583,7.05,6.66,1661.0,,9.769,True,
4,kokoro,cpu,,False,1,False,988.4,0.9884,7.05,7.13,1886.9,,0,True,
4,kokoro,cpu,,False,2,False,929.0,0.929,7.05,7.59,1825.3,,0,True,
4,kokoro,cuda,,False,0,True,481.5,0.4816,7.05,14.64,1891.7,682.2,7.013,True,
4,kokoro,cuda,,False,1,False,76.8,0.0768,7.05,91.76,2071.2,684.4,0,True,
4,kokoro,cuda,,False,2,False,63.9,0.0639,7.05,110.26,2071.2,687.8,0,True,
4,kittentts,cpu,,False,0,True,2184.5,2.1845,6.9,3.16,235.8,,8.476,True,
4,kittentts,cpu,,False,1,False,1759.6,1.7596,6.9,3.92,495.6,,0,True,
4,kittentts,cpu,,False,2,False,1666.6,1.6666,6.9,4.14,495.6,,0,True,
4,piper,cpu,,False,0,True,207.3,0.2074,6.13,29.55,276.4,,3.189,True,
4,piper,cpu,,False,1,False,178.9,0.179,5.875,32.83,525.4,,0,True,
4,piper,cpu,,False,2,False,125.0,0.1251,5.968,47.69,565.5,,0,True,
4,vibevoice,cpu,,False,0,True,17023.9,17.0239,9.733,0.57,6009.9,,54.697,True,
4,vibevoice,cpu,,False,1,False,14412.5,14.4125,8.667,0.6,6151.6,,0,True,
4,vibevoice,cpu,,False,2,False,15576.8,15.5768,9.067,0.58,6151.7,,0,True,
4,vibevoice,cuda,,False,0,True,3523.9,3.5239,9.6,2.72,1815.7,2681.3,18.6,True,
4,vibevoice,cuda,,False,1,False,2961.7,2.9617,8.4,2.84,1997.8,2681.1,0,True,
4,vibevoice,cuda,,False,2,False,3474.8,3.4748,10.0,2.88,1997.9,2681.4,0,True,
4,magpie,cpu,,False,0,True,36302.5,36.3025,9.009,0.25,6140.6,,124.03,True,
4,magpie,cpu,,False,1,False,33859.6,33.8596,8.777,0.26,6151.2,,0,True,
4,magpie,cpu,,False,2,False,32234.9,32.2349,8.452,0.26,6151.3,,0,True,
4,magpie,cuda,,False,0,True,5850.0,5.85,9.613,1.64,2629.0,2798.9,34.003,True,
4,magpie,cuda,,False,1,False,4269.5,4.2695,8.731,2.04,2670.9,2412.2,0,True,
4,magpie,cuda,,False,2,False,4373.3,4.3733,9.009,2.06,2670.9,2455.3,0,True,
4,soprano,cpu,,False,0,True,1798.0,1.798,5.76,3.2,1293.1,,13.361,True,
4,soprano,cpu,,False,1,False,1919.7,1.9197,5.76,3.0,1437.9,,0,True,
4,soprano,cpu,,False,2,False,1833.4,1.8334,5.76,3.14,1437.9,,0,True,
4,soprano,cuda,,False,0,True,1186.3,1.1863,5.888,4.96,1871.0,298.1,11.12,True,
4,soprano,cuda,,False,1,False,1183.2,1.1832,5.824,4.92,2027.2,298.0,0,True,
4,soprano,cuda,,False,2,False,1122.6,1.1226,5.76,5.13,2027.3,298.0,0,True,
4,supertonic,cpu,,False,0,True,1097.8,1.0978,6.966,6.35,511.2,,6.122,True,
4,supertonic,cpu,,False,1,False,1128.6,1.1286,6.966,6.17,755.5,,0,True,
4,supertonic,cpu,,False,2,False,1102.2,1.1022,6.966,6.32,755.5,,0,True,
5,pocket,cpu,,gated,0,True,337.9,3.2711,4.72,1.44,1792.5,,21.863,True,
5,pocket,cpu,,gated,1,False,296.5,3.5438,5.28,1.49,1959.3,,0,True,
5,pocket,cpu,,gated,2,False,270.1,2.7112,4.0,1.48,1959.3,,0,True,
5,neutts_nano,cpu,nano,True,0,True,691.6,3.0552,5.88,1.92,5696.7,,23.19,True,
5,neutts_nano,cpu,nano,True,1,False,343.6,2.9163,6.28,2.15,5706.5,,0,True,
5,neutts_nano,cpu,nano,True,2,False,331.5,2.7568,6.04,2.19,5706.8,,0,True,
5,neutts_nano,cuda,nano,True,0,True,632.7,2.2267,6.12,2.75,2699.1,3332.3,15.043,True,
5,neutts_nano,cuda,nano,True,1,False,269.1,1.7743,5.84,3.29,2747.6,3332.3,0,True,
5,neutts_nano,cuda,nano,True,2,False,244.5,1.6554,5.52,3.33,2782.4,3332.3,0,True,
5,coqui,cpu,,True,0,True,5674.6,5.6746,4.587,0.81,3053.4,,33.216,True,
5,coqui,cpu,,True,1,False,6908.0,6.908,5.569,0.81,3048.9,,0,True,
5,coqui,cpu,,True,2,False,5449.3,5.4493,4.449,0.82,3048.6,,0,True,
5,coqui,cuda,,True,0,True,1266.9,1.2669,5.195,4.1,2130.2,1919.5,17.779,True,
5,coqui,cuda,,True,1,False,858.6,0.8586,3.937,4.59,2156.6,1907.5,0,True,
5,coqui,cuda,,True,2,False,987.5,0.9875,4.641,4.7,2157.0,1909.6,0,True,
5,omnivoice,cpu,,True,0,True,12120.7,12.1207,4.61,0.38,2925.2,,41.397,True,
5,omnivoice,cpu,,True,1,False,11772.6,11.7726,4.63,0.39,3055.5,,0,True,
5,omnivoice,cpu,,True,2,False,11687.6,11.6876,4.96,0.42,3057.8,,0,True,
5,omnivoice,cuda,,True,0,True,1159.6,1.1596,4.85,4.18,2024.0,2011.0,8.497,True,
5,omnivoice,cuda,,True,1,False,690.9,0.6909,4.8,6.95,2187.7,2011.0,0,True,
5,omnivoice,cuda,,True,2,False,674.3,0.6743,4.79,7.1,2187.7,2011.0,0,True,
5,voxcpm,cpu,,True,0,True,16161.6,16.1616,3.84,0.24,6575.4,,72.615,True,
5,voxcpm,cpu,,True,1,False,18658.9,18.6589,4.32,0.23,6863.0,,0,True,
5,voxcpm,cpu,,True,2,False,15190.2,15.1902,3.52,0.23,6992.8,,0,True,
5,voxcpm,cuda,,True,0,True,1428.6,1.4286,3.04,2.13,3469.2,5375.9,28.38,True,
5,voxcpm,cuda,,True,1,False,1748.3,1.7483,3.68,2.1,3672.9,5376.2,0,True,
5,voxcpm,cuda,,True,2,False,1890.7,1.8907,4.0,2.12,3672.9,5376.3,0,True,
5,qwentts,cpu,base,True,0,True,27195.7,27.1957,4.72,0.17,9255.7,,89.06,True,
5,qwentts,cpu,base,True,1,False,28052.3,28.0523,4.8,0.17,9282.9,,0,True,
5,qwentts,cpu,base,True,2,False,27277.4,27.2774,4.88,0.18,9376.3,,0,True,
5,qwentts,cuda,base,True,0,True,6529.6,6.5296,4.88,0.75,2243.8,4432.1,22.494,True,
5,qwentts,cuda,base,True,1,False,4935.9,4.9359,4.4,0.89,2285.8,4416.6,0,True,
5,qwentts,cuda,base,True,2,False,4665.6,4.6656,4.16,0.89,2286.1,4409.5,0,True,
5,qwentts_fast,cuda,base,True,0,True,7031.9,7.0319,4.32,0.61,2332.2,4682.7,16.427,True,
5,qwentts_fast,cuda,base,True,1,False,1313.2,1.3132,4.0,3.05,2373.1,4673.3,0,True,
5,qwentts_fast,cuda,base,True,2,False,1508.4,1.5084,4.64,3.08,2373.3,4692.1,0,True,
5,kokoro,cpu,,False,0,True,988.6,0.9886,5.05,5.11,1555.8,,8.099,True,
5,kokoro,cpu,,False,1,False,667.6,0.6677,5.05,7.56,1695.8,,0,True,
5,kokoro,cpu,,False,2,False,668.1,0.6681,5.05,7.56,1757.0,,0,True,
5,kokoro,cuda,,False,0,True,465.8,0.4658,5.05,10.84,1778.1,644.6,6.387,True,
5,kokoro,cuda,,False,1,False,50.0,0.05,5.05,101.04,1955.6,648.4,0,True,
5,kokoro,cuda,,False,2,False,48.5,0.0485,5.05,104.16,1955.6,651.4,0,True,
5,piper,cpu,,False,0,True,138.7,0.1388,4.145,29.86,227.3,,3.897,True,
5,piper,cpu,,False,1,False,133.3,0.1334,4.122,30.9,462.4,,0,True,
5,piper,cpu,,False,2,False,84.3,0.0844,4.087,48.42,462.4,,0,True,
5,magpie,cpu,,False,0,True,28155.6,28.1556,7.43,0.26,5494.0,,102.903,True,
5,magpie,cpu,,False,1,False,26498.4,26.4984,7.059,0.27,5562.1,,0,True,
5,magpie,cpu,,False,2,False,28012.2,28.0122,7.384,0.26,5562.1,,0,True,
5,magpie,cuda,,False,0,True,4593.1,4.5931,7.523,1.64,2672.9,2785.8,30.922,True,
5,magpie,cuda,,False,1,False,3304.6,3.3046,6.92,2.09,2712.1,2125.3,0,True,
5,magpie,cuda,,False,2,False,3333.6,3.3336,6.966,2.09,2712.1,2130.4,0,True,
5,supertonic,cpu,,False,0,True,1071.2,1.0712,5.503,5.14,505.1,,5.547,True,
5,supertonic,cpu,,False,1,False,1066.5,1.0665,5.503,5.16,765.0,,0,True,
5,supertonic,cpu,,False,2,False,919.4,0.9194,5.503,5.99,765.0,,0,True,
1,luxtts,cpu,,True,0,True,1105.4,1.1054,0.32,0.29,1957.4,,11.354,True,
1,luxtts,cpu,,True,1,False,1110.3,1.1103,0.32,0.29,1990.0,,0,True,
1,luxtts,cpu,,True,2,False,1082.8,1.0828,0.32,0.3,1990.0,,0,True,
1,luxtts,cuda,,True,0,True,457.8,0.4578,1.472,3.22,2450.8,862.3,12.616,True,
1,luxtts,cuda,,True,1,False,264.1,0.2641,1.472,5.57,2501.7,862.3,0,True,
1,luxtts,cuda,,True,2,False,123.3,0.1233,1.472,11.94,2501.7,862.3,0,True,
2,luxtts,cpu,,True,0,True,1592.9,1.5929,2.507,1.57,2027.1,,12.965,True,
2,luxtts,cpu,,True,1,False,1583.9,1.5839,2.507,1.58,2049.7,,0,True,
2,luxtts,cpu,,True,2,False,1549.1,1.5491,2.507,1.62,2049.8,,0,True,
2,luxtts,cuda,,True,0,True,341.3,0.3413,3.659,10.72,2362.8,876.4,8.876,True,
2,luxtts,cuda,,True,1,False,275.0,0.275,3.659,13.3,2401.2,876.4,0,True,
2,luxtts,cuda,,True,2,False,134.2,0.1342,3.659,27.27,2401.3,876.4,0,True,
3,luxtts,cpu,,True,0,True,3411.2,3.4112,10.347,3.03,2350.4,,19.283,True,
3,luxtts,cpu,,True,1,False,3346.1,3.3461,10.347,3.09,2361.9,,0,True,
3,luxtts,cpu,,True,2,False,3304.8,3.3048,10.347,3.13,2362.0,,0,True,
3,luxtts,cuda,,True,0,True,447.7,0.4477,11.499,25.69,2400.0,986.6,9.984,True,
3,luxtts,cuda,,True,1,False,325.8,0.3258,11.499,35.29,2449.8,986.6,0,True,
3,luxtts,cuda,,True,2,False,188.0,0.188,11.499,61.16,2449.8,986.6,0,True,
4,luxtts,cpu,,True,0,True,1646.1,1.6461,2.987,1.81,2030.2,,13.298,True,
4,luxtts,cpu,,True,1,False,1647.4,1.6474,2.987,1.81,2059.5,,0,True,
4,luxtts,cpu,,True,2,False,1589.5,1.5895,2.987,1.88,2059.6,,0,True,
4,luxtts,cuda,,True,0,True,315.8,0.3158,4.139,13.1,2370.1,880.1,8.924,True,
4,luxtts,cuda,,True,1,False,276.3,0.2763,4.139,14.98,2406.7,880.1,0,True,
4,luxtts,cuda,,True,2,False,136.5,0.1365,4.139,30.33,2406.7,880.1,0,True,
1,vibevoice_15b,cpu,1.5b,False,0,True,20592.4,20.5924,2.8,0.14,11525.3,,66.28,True,
1,vibevoice_15b,cpu,1.5b,False,1,False,19770.1,19.7701,2.667,0.13,11520.3,,0,True,
1,vibevoice_15b,cpu,1.5b,False,2,False,19010.0,19.01,2.4,0.13,11538.6,,0,True,
1,vibevoice_15b,cuda,1.5b,False,0,True,1640.2,1.6402,2.0,1.22,2010.8,5388.7,10.712,True,
1,vibevoice_15b,cuda,1.5b,False,1,False,1495.9,1.4959,2.667,1.78,2049.3,5388.7,0,True,
1,vibevoice_15b,cuda,1.5b,False,2,False,1420.1,1.4201,2.533,1.78,2049.3,5388.7,0,True,
2,vibevoice_15b,cpu,1.5b,False,0,True,28874.2,28.8742,5.067,0.18,11491.2,,98.356,True,
2,vibevoice_15b,cpu,1.5b,False,1,False,23525.3,23.5253,4.0,0.17,11510.9,,0,True,
2,vibevoice_15b,cpu,1.5b,False,2,False,39325.9,39.3259,7.2,0.18,11518.3,,0,True,
2,vibevoice_15b,cuda,1.5b,False,0,True,2837.1,2.8371,4.267,1.5,2011.3,5388.7,14.017,True,
2,vibevoice_15b,cuda,1.5b,False,1,False,2595.2,2.5952,4.8,1.85,2053.6,5388.7,0,True,
2,vibevoice_15b,cuda,1.5b,False,2,False,2425.9,2.4259,4.533,1.87,2053.6,5388.7,0,True,
3,vibevoice_15b,cpu,1.5b,False,0,True,87008.9,87.0089,16.4,0.19,11525.8,,286.189,True,
3,vibevoice_15b,cpu,1.5b,False,1,False,104935.0,104.935,19.467,0.19,11528.2,,0,True,
3,vibevoice_15b,cpu,1.5b,False,2,False,86835.1,86.8351,16.533,0.19,11538.9,,0,True,
3,vibevoice_15b,cuda,1.5b,False,0,True,7610.5,7.6105,13.333,1.75,2012.4,5388.8,34.358,True,
3,vibevoice_15b,cuda,1.5b,False,1,False,9990.1,9.9901,17.867,1.79,2065.3,5388.8,0,True,
3,vibevoice_15b,cuda,1.5b,False,2,False,9940.9,9.9409,18.667,1.88,2065.4,5388.8,0,True,
4,vibevoice_15b,cpu,1.5b,False,0,True,37421.9,37.4219,6.8,0.18,11503.1,,168.735,True,
4,vibevoice_15b,cpu,1.5b,False,1,False,92440.6,92.4406,17.467,0.19,11522.2,,0,True,
4,vibevoice_15b,cpu,1.5b,False,2,False,32127.0,32.127,5.6,0.17,11535.1,,0,True,
4,vibevoice_15b,cuda,1.5b,False,0,True,4597.2,4.5972,7.6,1.65,2011.8,5388.7,20.599,True,
4,vibevoice_15b,cuda,1.5b,False,1,False,5882.7,5.8827,10.933,1.86,2057.7,5388.7,0,True,
4,vibevoice_15b,cuda,1.5b,False,2,False,3737.6,3.7376,6.933,1.86,2057.7,5388.7,0,True,
1,zipvoice,cpu,,True,0,True,9023.7,9.0237,2.537,0.28,30420.5,,30.675,True,
1,zipvoice,cpu,,True,1,False,7185.0,7.185,2.747,0.38,30593.9,,0,True,
1,zipvoice,cpu,,True,2,False,7086.7,7.0867,2.447,0.35,30661.1,,0,True,
1,zipvoice,cuda,,True,0,True,,,,,,,6.258,False,"OutOfMemoryError: CUDA out of memory. Tried to allocate 20.00 MiB. GPU 0 has a total capacity of 23.56 GiB of which 7.00 MiB is free. Including non-PyTorch memory, this process has 23.51 GiB memory in"
2,zipvoice,cpu,,True,0,True,17571.9,17.5719,7.894,0.45,49735.6,,54.15,True,
2,zipvoice,cpu,,True,1,False,13752.7,13.7527,7.944,0.58,52496.5,,0,True,
2,zipvoice,cpu,,True,2,False,13660.6,13.6606,7.944,0.58,53270.8,,0,True,
2,zipvoice,cuda,,True,0,True,,,,,,,6.244,False,"OutOfMemoryError: CUDA out of memory. Tried to allocate 36.00 MiB. GPU 0 has a total capacity of 23.56 GiB of which 29.00 MiB is free. Including non-PyTorch memory, this process has 23.49 GiB memory i"
3,zipvoice,cpu,,True,0,True,,,,,,,35.342,False,"no json in stdout. stderr: WARNING:root:Failed import k2 with error No module named 'k2'. Swoosh functions will fallback to PyTorch implementation, leading to slower speed and higher memory consumptio"
3,zipvoice,cuda,,True,0,True,,,,,,,6.594,False,"OutOfMemoryError: CUDA out of memory. Tried to allocate 20.00 MiB. GPU 0 has a total capacity of 23.56 GiB of which 17.00 MiB is free. Including non-PyTorch memory, this process has 23.50 GiB memory i"
4,zipvoice,cpu,,True,0,True,17999.5,17.9995,8.931,0.5,55268.7,,56.79,True,
4,zipvoice,cpu,,True,1,False,15042.5,15.0425,9.091,0.6,57374.1,,0,True,
4,zipvoice,cpu,,True,2,False,15023.6,15.0236,8.951,0.6,58395.2,,0,True,
4,zipvoice,cuda,,True,0,True,,,,,,,5.651,False,"OutOfMemoryError: CUDA out of memory. Tried to allocate 42.00 MiB. GPU 0 has a total capacity of 23.56 GiB of which 23.00 MiB is free. Including non-PyTorch memory, this process has 23.50 GiB memory i"
5,zipvoice,cpu,,True,0,True,15444.9,15.4449,7.718,0.5,48483.1,,49.282,True,
5,zipvoice,cpu,,True,1,False,12953.3,12.9533,7.568,0.58,51605.9,,0,True,
5,zipvoice,cpu,,True,2,False,12800.1,12.8001,7.698,0.6,51764.7,,0,True,
5,zipvoice,cuda,,True,0,True,,,,,,,5.652,False,"OutOfMemoryError: CUDA out of memory. Tried to allocate 14.00 MiB. GPU 0 has a total capacity of 23.56 GiB of which 7.00 MiB is free. Including non-PyTorch memory, this process has 23.51 GiB memory in"
1,moss_tts_nano,cpu,,True,0,True,4144.5,4.1445,3.92,0.95,1310.6,,28.717,True,
1,moss_tts_nano,cpu,,True,1,False,2747.1,2.7471,2.64,0.96,1539.6,,0,True,
1,moss_tts_nano,cpu,,True,2,False,4017.8,4.0178,4.56,1.13,1539.6,,0,True,
1,moss_tts_nano,cuda,,True,0,True,3542.1,3.5421,5.28,1.49,1942.2,771.1,12.351,True,
1,moss_tts_nano,cuda,,True,1,False,1253.5,1.2535,2.48,1.98,2114.7,772.2,0,True,
1,moss_tts_nano,cuda,,True,2,False,2071.7,2.0717,4.24,2.05,2114.7,772.2,0,True,
2,moss_tts_nano,cpu,,True,0,True,5057.0,5.057,5.44,1.08,1295.5,,20.676,True,
2,moss_tts_nano,cpu,,True,1,False,5627.0,5.627,7.04,1.25,1470.9,,0,True,
2,moss_tts_nano,cpu,,True,2,False,4734.3,4.7343,5.76,1.22,1450.8,,0,True,
2,moss_tts_nano,cuda,,True,0,True,3851.9,3.8519,6.16,1.6,1943.2,771.1,15.184,True,
2,moss_tts_nano,cuda,,True,1,False,3013.8,3.0138,6.16,2.04,2118.2,772.2,0,True,
2,moss_tts_nano,cuda,,True,2,False,2712.6,2.7126,5.68,2.09,2118.3,772.2,0,True,
3,moss_tts_nano,cpu,,True,0,True,13598.7,13.5987,16.48,1.21,1332.8,,44.596,True,
3,moss_tts_nano,cpu,,True,1,False,12785.9,12.7859,16.16,1.26,1473.1,,0,True,
3,moss_tts_nano,cpu,,True,2,False,11682.0,11.682,14.72,1.26,1445.7,,0,True,
3,moss_tts_nano,cuda,,True,0,True,9642.7,9.6427,18.56,1.92,1981.2,970.8,31.136,True,
3,moss_tts_nano,cuda,,True,1,False,6882.5,6.8825,14.24,2.07,2156.9,772.2,0,True,
3,moss_tts_nano,cuda,,True,2,False,7396.5,7.3965,15.44,2.09,2156.9,781.0,0,True,
4,moss_tts_nano,cpu,,True,0,True,7060.9,7.0609,7.76,1.1,1294.8,,24.421,True,
4,moss_tts_nano,cpu,,True,1,False,6009.8,6.0098,7.28,1.21,1460.0,,0,True,
4,moss_tts_nano,cpu,,True,2,False,5887.7,5.8877,7.44,1.26,1464.0,,0,True,
4,moss_tts_nano,cuda,,True,0,True,4067.1,4.0671,6.96,1.71,1957.9,771.1,16.042,True,
4,moss_tts_nano,cuda,,True,1,False,3208.6,3.2086,6.72,2.09,2137.9,772.2,0,True,
4,moss_tts_nano,cuda,,True,2,False,2944.9,2.9449,6.24,2.12,2137.9,772.2,0,True,
5,moss_tts_nano,cpu,,True,0,True,4665.8,4.6658,4.64,0.99,1310.0,,17.053,True,
5,moss_tts_nano,cpu,,True,1,False,3744.1,3.7441,4.0,1.07,1452.3,,0,True,
5,moss_tts_nano,cpu,,True,2,False,3668.1,3.6681,4.0,1.09,1389.8,,0,True,
5,moss_tts_nano,cuda,,True,0,True,3646.6,3.6466,5.92,1.62,1940.9,771.1,15.268,True,
5,moss_tts_nano,cuda,,True,1,False,3896.9,3.8969,8.48,2.18,2113.9,772.2,0,True,
5,moss_tts_nano,cuda,,True,2,False,2221.3,2.2213,4.72,2.12,2113.9,772.2,0,True,
